"ID","CATEGORY","PACKAGE","PRICE AUD","TYPE","CONTENTS","RARITY","DEV SYSTEM","COMMAND PLACEHOLDER","COMPLIANCE","STATUS","TEBEX DESCRIPTION (paste)","IMAGE PROMPT","GIFTING"
"RANK-001","Ranks","Supporter Rank","9.99","Donor rank (tier 1 of 5, lifetime)","Rank prefix in chat & tab: [SUPPORTER]; Coloured name: Crimson; Discord role: @Supporter; Join queue priority: Tier 1; Chat emoji pack; Homes (/sethome): 2; Bonus claim chunks (Open Parties and Claims): +25; Auction House listing slots: 5; Throne Shards: 500; Crate keys: 2× Ember; Rank-exclusive cosmetic: Crimson Spark particle; Class Reset Tokens: 1","Tier 1","Permissions/prefix mod, crate system, Throne Shards, cosmetics, queue, Tebex Discord Actions","<SET_RANK_COMMAND player={username} rank=supporter> + <GIVE_CRATE_KEY_COMMAND player={username} crate=ember amount=2> + <GIVE_SHARDS_COMMAND player={username} amount=500> + <GRANT_COSMETIC_COMMAND player={username} id=particle_crimson_spark> + <GIVE_TOKEN_COMMAND player={username} token=class_reset amount=1> + Tebex Discord Action: add role @Supporter","Borderline (homes/claims/AH/reset tokens – see table)","DEV SYSTEM REQUIRED","🔴 SUPPORTER RANK · LIFETIME

Every rebellion begins with a single spark. Supporters lit the first fire beneath the throne.

PERKS:
• Rank prefix in chat & tab: [SUPPORTER]
• Coloured name: Crimson
• Discord role: @Supporter
• Join queue priority: Tier 1
• Chat emoji pack
• Homes (/sethome): 2
• Bonus claim chunks (Open Parties and Claims): +25
• Auction House listing slots: 5

ON PURCHASE:
• Throne Shards: 500
• Crate keys: 2× Ember
• Rank-exclusive cosmetic: Crimson Spark particle
• Class Reset Tokens: 1

Lifetime rank. Cosmetic and convenience perks. Delivered automatically in-game. Questions? Join our Discord.","IMAGE-PROMPTS.md → RANK-001","Enable Tebex gifting"
"RANK-002","Ranks","Elite Rank","24.99","Donor rank (tier 2 of 5, lifetime)","Rank prefix in chat & tab: [ELITE]; Coloured name: Violet; Discord role: @Elite; Join queue priority: Tier 2; Chat colours (/chatcolor): 4 colours; Homes (/sethome): 3; Bonus claim chunks (Open Parties and Claims): +50; Auction House listing slots: 7; Throne Shards: 1,000; Crate keys: 3× Bloodmoon; Rank-exclusive cosmetic: Violet Ember aura; Class Reset Tokens: 2","Tier 2","Permissions/prefix mod, crate system, Throne Shards, cosmetics, queue, Tebex Discord Actions","<SET_RANK_COMMAND player={username} rank=elite> + <GIVE_CRATE_KEY_COMMAND player={username} crate=bloodmoon amount=3> + <GIVE_SHARDS_COMMAND player={username} amount=1000> + <GRANT_COSMETIC_COMMAND player={username} id=aura_violet_ember> + <GIVE_TOKEN_COMMAND player={username} token=class_reset amount=2> + Tebex Discord Action: add role @Elite","Borderline (homes/claims/AH/reset tokens – see table)","DEV SYSTEM REQUIRED","💎 ELITE RANK · LIFETIME

Hunters who survived their first Gate and came back hungry. The Elite are marked by violet fire.

ALL SUPPORTER PERKS, AND:
• Rank prefix in chat & tab: [ELITE]
• Coloured name: Violet
• Discord role: @Elite
• Join queue priority: Tier 2
• Chat colours (/chatcolor): 4 colours
• Homes (/sethome): 3
• Bonus claim chunks (Open Parties and Claims): +50
• Auction House listing slots: 7

ON PURCHASE:
• Throne Shards: 1,000
• Crate keys: 3× Bloodmoon
• Rank-exclusive cosmetic: Violet Ember aura
• Class Reset Tokens: 2

Lifetime rank. Cosmetic and convenience perks. Delivered automatically in-game. Questions? Join our Discord.","IMAGE-PROMPTS.md → RANK-002","Enable Tebex gifting"
"RANK-003","Ranks","Champion Rank","49.99","Donor rank (tier 3 of 5, lifetime)","Rank prefix in chat & tab: [CHAMPION]; Coloured name: Bronze; Discord role: @Champion; Join queue priority: Tier 3; Chat colours (/chatcolor): 8 colours; Custom join message; /hat; Emotes: Champion Salutes; Homes (/sethome): 4; Bonus claim chunks (Open Parties and Claims): +75; Auction House listing slots: 9; Throne Shards: 2,000; Crate keys: 3× Abyssal; Rank-exclusive cosmetic: Bronze Banner kill effect; Class Reset Tokens: 3; Race Reset Token (Tensura): 1","Tier 3","Permissions/prefix mod, crate system, Throne Shards, cosmetics, queue, Tebex Discord Actions","<SET_RANK_COMMAND player={username} rank=champion> + <GIVE_CRATE_KEY_COMMAND player={username} crate=abyssal amount=3> + <GIVE_SHARDS_COMMAND player={username} amount=2000> + <GRANT_COSMETIC_COMMAND player={username} id=kill_bronze_banner> + <GIVE_TOKEN_COMMAND player={username} token=class_reset amount=3> + <GIVE_TOKEN_COMMAND player={username} token=race_reset amount=1> + Tebex Discord Action: add role @Champion","Borderline (homes/claims/AH/reset tokens – see table)","DEV SYSTEM REQUIRED","🏆 CHAMPION RANK · LIFETIME

Champions carry the scars of a hundred Gates. Bronze-forged and battle-proven.

ALL ELITE PERKS, AND:
• Rank prefix in chat & tab: [CHAMPION]
• Coloured name: Bronze
• Discord role: @Champion
• Join queue priority: Tier 3
• Chat colours (/chatcolor): 8 colours
• Custom join message
• /hat
• Emotes: Champion Salutes
• Homes (/sethome): 4
• Bonus claim chunks (Open Parties and Claims): +75
• Auction House listing slots: 9

ON PURCHASE:
• Throne Shards: 2,000
• Crate keys: 3× Abyssal
• Rank-exclusive cosmetic: Bronze Banner kill effect
• Class Reset Tokens: 3
• Race Reset Token (Tensura): 1

Lifetime rank. Cosmetic and convenience perks. Delivered automatically in-game. Questions? Join our Discord.","IMAGE-PROMPTS.md → RANK-003","Enable Tebex gifting"
"RANK-005","Ranks","Warlord Rank","89.99","Donor rank (tier 4 of 5, lifetime)","Rank prefix in chat & tab: [WARLORD]; Coloured name: Flame; Discord role: @Warlord; Join queue priority: Tier 4; Chat colours (/chatcolor): 12 colours; Server-wide arrival announcement; /nick (staff-moderated); Emotes: War Cries; /fly in the OVERTHRONE hub only; Homes (/sethome): 5; Bonus claim chunks (Open Parties and Claims): +100; Auction House listing slots: 11; Throne Shards: 3,500; Crate keys: 3× Dreadforge; Rank-exclusive cosmetic: Warlord title + War Banner trail; Class Reset Tokens: 4; Race Reset Token (Tensura): 1","Tier 4","Permissions/prefix mod, crate system, Throne Shards, cosmetics, queue, Tebex Discord Actions","<SET_RANK_COMMAND player={username} rank=warlord> + <GIVE_CRATE_KEY_COMMAND player={username} crate=dreadforge amount=3> + <GIVE_SHARDS_COMMAND player={username} amount=3500> + <GRANT_COSMETIC_COMMAND player={username} id=title_warlord> + <GRANT_COSMETIC_COMMAND player={username} id=trail_war_banner> + <GIVE_TOKEN_COMMAND player={username} token=class_reset amount=4> + <GIVE_TOKEN_COMMAND player={username} token=race_reset amount=1> + Tebex Discord Action: add role @Warlord","Borderline (homes/claims/AH/reset tokens – see table)","DEV SYSTEM REQUIRED","⚔️ WARLORD RANK · LIFETIME

Warlords lead guilds through the deepest Gates. Their banners burn crimson-orange across Netherfall.

ALL CHAMPION PERKS, AND:
• Rank prefix in chat & tab: [WARLORD]
• Coloured name: Flame
• Discord role: @Warlord
• Join queue priority: Tier 4
• Chat colours (/chatcolor): 12 colours
• Server-wide arrival announcement
• /nick (staff-moderated)
• Emotes: War Cries
• /fly in the OVERTHRONE hub only
• Homes (/sethome): 5
• Bonus claim chunks (Open Parties and Claims): +100
• Auction House listing slots: 11

ON PURCHASE:
• Throne Shards: 3,500
• Crate keys: 3× Dreadforge
• Rank-exclusive cosmetic: Warlord title + War Banner trail
• Class Reset Tokens: 4
• Race Reset Token (Tensura): 1

Lifetime rank. Cosmetic and convenience perks. Delivered automatically in-game. Questions? Join our Discord.","IMAGE-PROMPTS.md → RANK-005","Enable Tebex gifting"
"RANK-004","Ranks","Overlord Rank","149.99","Donor rank (tier 5 of 5, lifetime)","Rank prefix in chat & tab: [OVERLORD] (animated); Coloured name: Gold; Discord role: @Overlord; Join queue priority: Tier 5; Chat colours (/chatcolor): All + gradients; /sit & /lay; Emotes: All rank emotes; Hall of Thrones listing (website + Discord); Homes (/sethome): 6; Bonus claim chunks (Open Parties and Claims): +150; Auction House listing slots: 15; Throne Shards: 6,000; Crate keys: 3× Throne + 3× Regalia; Rank-exclusive cosmetic: Overlord Crown aura + title + Overlord Raven pet; Class Reset Tokens: 5; Race Reset Token (Tensura): 2","Tier 5","Permissions/prefix mod, crate system, Throne Shards, cosmetics, queue, Tebex Discord Actions","<SET_RANK_COMMAND player={username} rank=overlord> + <GIVE_CRATE_KEY_COMMAND player={username} crate=throne amount=3> + <GIVE_CRATE_KEY_COMMAND player={username} crate=regalia amount=3> + <GIVE_SHARDS_COMMAND player={username} amount=6000> + <GRANT_COSMETIC_COMMAND player={username} id=aura_overlord_crown> + <GRANT_COSMETIC_COMMAND player={username} id=title_overlord> + <GRANT_COSMETIC_COMMAND player={username} id=pet_overlord_raven> + <GIVE_TOKEN_COMMAND player={username} token=class_reset amount=5> + <GIVE_TOKEN_COMMAND player={username} token=race_reset amount=2> + Tebex Discord Action: add role @Overlord","Borderline (homes/claims/AH/reset tokens – see table)","DEV SYSTEM REQUIRED","👑 OVERLORD RANK · LIFETIME

The highest donor rank. Overlords stand closest to the throne – and closest to tearing it down.

ALL WARLORD PERKS, AND:
• Rank prefix in chat & tab: [OVERLORD] (animated)
• Coloured name: Gold
• Discord role: @Overlord
• Join queue priority: Tier 5
• Chat colours (/chatcolor): All + gradients
• /sit & /lay
• Emotes: All rank emotes
• Hall of Thrones listing (website + Discord)
• Homes (/sethome): 6
• Bonus claim chunks (Open Parties and Claims): +150
• Auction House listing slots: 15

ON PURCHASE:
• Throne Shards: 6,000
• Crate keys: 3× Throne + 3× Regalia
• Rank-exclusive cosmetic: Overlord Crown aura + title + Overlord Raven pet
• Class Reset Tokens: 5
• Race Reset Token (Tensura): 2

Lifetime rank. Cosmetic and convenience perks. Delivered automatically in-game. Questions? Join our Discord.","IMAGE-PROMPTS.md → RANK-004","Enable Tebex gifting"
"KEY-001","Crate Keys","Ember Key ×1","1.99","Crate key","1× Ember Key","Common","Crate system","<GIVE_CRATE_KEY_COMMAND player={username} crate=ember amount=1>","Safe (cosmetic pool) · Risky if the optional gear pool is used","DEV SYSTEM REQUIRED","🗝️ EMBER KEY ×1

Embers drift up from the cracked earth wherever a Gate has opened. Hunters gather them by the handful.

Opens the Ember Crate (Common). Rewards and odds:
• Common (62%): 150–300 Throne Shards; Common trails and chat tags
• Rare (27%): 400–600 Throne Shards; Rare particles and titles
• Epic (8%): 1,000 Throne Shards; Epic kill and death effects
• Legendary (2.5%): 2,500 Throne Shards; Legendary auras
• Mythic (0.5%): Jackpot: Ashen Halo aura (crate exclusive)

Jackpot: Ashen Halo – a slow-turning ring of ash and amber embers above the head.
Duplicate cosmetics convert to Throne Shards. Keys can also be earned in-game.

Delivered automatically in-game. Questions? Join our Discord.","IMAGE-PROMPTS.md → KEY-001","Enable Tebex gifting"
"KEY-002","Crate Keys","Ember Key ×5","8.99","Crate key","5× Ember Key (10% bulk saving)","Common","Crate system","<GIVE_CRATE_KEY_COMMAND player={username} crate=ember amount=5>","Safe (cosmetic pool) · Risky if the optional gear pool is used","DEV SYSTEM REQUIRED","🗝️ EMBER KEY ×5

Embers drift up from the cracked earth wherever a Gate has opened. Hunters gather them by the handful.

Opens the Ember Crate (Common). Rewards and odds:
• Common (62%): 150–300 Throne Shards; Common trails and chat tags
• Rare (27%): 400–600 Throne Shards; Rare particles and titles
• Epic (8%): 1,000 Throne Shards; Epic kill and death effects
• Legendary (2.5%): 2,500 Throne Shards; Legendary auras
• Mythic (0.5%): Jackpot: Ashen Halo aura (crate exclusive)

Jackpot: Ashen Halo – a slow-turning ring of ash and amber embers above the head.
Duplicate cosmetics convert to Throne Shards. Keys can also be earned in-game.

Delivered automatically in-game. Questions? Join our Discord.","IMAGE-PROMPTS.md → KEY-002","Enable Tebex gifting"
"KEY-003","Crate Keys","Ember Key ×10","16.99","Crate key","10× Ember Key (15% bulk saving)","Common","Crate system","<GIVE_CRATE_KEY_COMMAND player={username} crate=ember amount=10>","Safe (cosmetic pool) · Risky if the optional gear pool is used","DEV SYSTEM REQUIRED","🗝️ EMBER KEY ×10

Embers drift up from the cracked earth wherever a Gate has opened. Hunters gather them by the handful.

Opens the Ember Crate (Common). Rewards and odds:
• Common (62%): 150–300 Throne Shards; Common trails and chat tags
• Rare (27%): 400–600 Throne Shards; Rare particles and titles
• Epic (8%): 1,000 Throne Shards; Epic kill and death effects
• Legendary (2.5%): 2,500 Throne Shards; Legendary auras
• Mythic (0.5%): Jackpot: Ashen Halo aura (crate exclusive)

Jackpot: Ashen Halo – a slow-turning ring of ash and amber embers above the head.
Duplicate cosmetics convert to Throne Shards. Keys can also be earned in-game.

Delivered automatically in-game. Questions? Join our Discord.","IMAGE-PROMPTS.md → KEY-003","Enable Tebex gifting"
"KEY-004","Crate Keys","Ember Key ×25","39.99","Crate key","25× Ember Key (20% bulk saving)","Common","Crate system","<GIVE_CRATE_KEY_COMMAND player={username} crate=ember amount=25>","Safe (cosmetic pool) · Risky if the optional gear pool is used","DEV SYSTEM REQUIRED","🗝️ EMBER KEY ×25

Embers drift up from the cracked earth wherever a Gate has opened. Hunters gather them by the handful.

Opens the Ember Crate (Common). Rewards and odds:
• Common (62%): 150–300 Throne Shards; Common trails and chat tags
• Rare (27%): 400–600 Throne Shards; Rare particles and titles
• Epic (8%): 1,000 Throne Shards; Epic kill and death effects
• Legendary (2.5%): 2,500 Throne Shards; Legendary auras
• Mythic (0.5%): Jackpot: Ashen Halo aura (crate exclusive)

Jackpot: Ashen Halo – a slow-turning ring of ash and amber embers above the head.
Duplicate cosmetics convert to Throne Shards. Keys can also be earned in-game.

Delivered automatically in-game. Questions? Join our Discord.","IMAGE-PROMPTS.md → KEY-004","Enable Tebex gifting"
"KEY-005","Crate Keys","Ember Key ×50","74.99","Crate key","50× Ember Key (25% bulk saving)","Common","Crate system","<GIVE_CRATE_KEY_COMMAND player={username} crate=ember amount=50>","Safe (cosmetic pool) · Risky if the optional gear pool is used","DEV SYSTEM REQUIRED","🗝️ EMBER KEY ×50

Embers drift up from the cracked earth wherever a Gate has opened. Hunters gather them by the handful.

Opens the Ember Crate (Common). Rewards and odds:
• Common (62%): 150–300 Throne Shards; Common trails and chat tags
• Rare (27%): 400–600 Throne Shards; Rare particles and titles
• Epic (8%): 1,000 Throne Shards; Epic kill and death effects
• Legendary (2.5%): 2,500 Throne Shards; Legendary auras
• Mythic (0.5%): Jackpot: Ashen Halo aura (crate exclusive)

Jackpot: Ashen Halo – a slow-turning ring of ash and amber embers above the head.
Duplicate cosmetics convert to Throne Shards. Keys can also be earned in-game.

Delivered automatically in-game. Questions? Join our Discord.","IMAGE-PROMPTS.md → KEY-005","Enable Tebex gifting"
"KEY-006","Crate Keys","Ember Key ×100","139.99","Crate key","100× Ember Key (30% bulk saving)","Common","Crate system","<GIVE_CRATE_KEY_COMMAND player={username} crate=ember amount=100>","Safe (cosmetic pool) · Risky if the optional gear pool is used","DEV SYSTEM REQUIRED","🗝️ EMBER KEY ×100

Embers drift up from the cracked earth wherever a Gate has opened. Hunters gather them by the handful.

Opens the Ember Crate (Common). Rewards and odds:
• Common (62%): 150–300 Throne Shards; Common trails and chat tags
• Rare (27%): 400–600 Throne Shards; Rare particles and titles
• Epic (8%): 1,000 Throne Shards; Epic kill and death effects
• Legendary (2.5%): 2,500 Throne Shards; Legendary auras
• Mythic (0.5%): Jackpot: Ashen Halo aura (crate exclusive)

Jackpot: Ashen Halo – a slow-turning ring of ash and amber embers above the head.
Duplicate cosmetics convert to Throne Shards. Keys can also be earned in-game.

Delivered automatically in-game. Questions? Join our Discord.","IMAGE-PROMPTS.md → KEY-006","Enable Tebex gifting"
"KEY-007","Crate Keys","Bloodmoon Key ×1","3.99","Crate key","1× Bloodmoon Key","Uncommon","Crate system","<GIVE_CRATE_KEY_COMMAND player={username} crate=bloodmoon amount=1>","Safe (cosmetic pool) · Risky if the optional gear pool is used","DEV SYSTEM REQUIRED","🗝️ BLOODMOON KEY ×1

When the moon bleeds, the Gates widen. Bloodmoon Crates wash up in the red light, sealed with old wax.

Opens the Bloodmoon Crate (Uncommon). Rewards and odds:
• Common (55%): 250–500 Throne Shards; Common and Rare cosmetics
• Rare (30%): 600–900 Throne Shards; Rare titles, tags and trails
• Epic (11%): 1,500 Throne Shards; Epic kill effects and teleport effects
• Legendary (3.4%): 3,500 Throne Shards; Legendary auras and pets
• Mythic (0.6%): Jackpot: Bloodmoon Eclipse aura (crate exclusive)

Jackpot: Bloodmoon Eclipse – a red moon eclipses behind the player while crimson light pulses outward.
Duplicate cosmetics convert to Throne Shards. Keys can also be earned in-game.

Delivered automatically in-game. Questions? Join our Discord.","IMAGE-PROMPTS.md → KEY-007","Enable Tebex gifting"
"KEY-008","Crate Keys","Bloodmoon Key ×5","15.99","Crate key","5× Bloodmoon Key (10% bulk saving)","Uncommon","Crate system","<GIVE_CRATE_KEY_COMMAND player={username} crate=bloodmoon amount=5>","Safe (cosmetic pool) · Risky if the optional gear pool is used","DEV SYSTEM REQUIRED","🗝️ BLOODMOON KEY ×5

When the moon bleeds, the Gates widen. Bloodmoon Crates wash up in the red light, sealed with old wax.

Opens the Bloodmoon Crate (Uncommon). Rewards and odds:
• Common (55%): 250–500 Throne Shards; Common and Rare cosmetics
• Rare (30%): 600–900 Throne Shards; Rare titles, tags and trails
• Epic (11%): 1,500 Throne Shards; Epic kill effects and teleport effects
• Legendary (3.4%): 3,500 Throne Shards; Legendary auras and pets
• Mythic (0.6%): Jackpot: Bloodmoon Eclipse aura (crate exclusive)

Jackpot: Bloodmoon Eclipse – a red moon eclipses behind the player while crimson light pulses outward.
Duplicate cosmetics convert to Throne Shards. Keys can also be earned in-game.

Delivered automatically in-game. Questions? Join our Discord.","IMAGE-PROMPTS.md → KEY-008","Enable Tebex gifting"
"KEY-009","Crate Keys","Bloodmoon Key ×10","29.99","Crate key","10× Bloodmoon Key (15% bulk saving)","Uncommon","Crate system","<GIVE_CRATE_KEY_COMMAND player={username} crate=bloodmoon amount=10>","Safe (cosmetic pool) · Risky if the optional gear pool is used","DEV SYSTEM REQUIRED","🗝️ BLOODMOON KEY ×10

When the moon bleeds, the Gates widen. Bloodmoon Crates wash up in the red light, sealed with old wax.

Opens the Bloodmoon Crate (Uncommon). Rewards and odds:
• Common (55%): 250–500 Throne Shards; Common and Rare cosmetics
• Rare (30%): 600–900 Throne Shards; Rare titles, tags and trails
• Epic (11%): 1,500 Throne Shards; Epic kill effects and teleport effects
• Legendary (3.4%): 3,500 Throne Shards; Legendary auras and pets
• Mythic (0.6%): Jackpot: Bloodmoon Eclipse aura (crate exclusive)

Jackpot: Bloodmoon Eclipse – a red moon eclipses behind the player while crimson light pulses outward.
Duplicate cosmetics convert to Throne Shards. Keys can also be earned in-game.

Delivered automatically in-game. Questions? Join our Discord.","IMAGE-PROMPTS.md → KEY-009","Enable Tebex gifting"
"KEY-010","Crate Keys","Bloodmoon Key ×25","69.99","Crate key","25× Bloodmoon Key (20% bulk saving)","Uncommon","Crate system","<GIVE_CRATE_KEY_COMMAND player={username} crate=bloodmoon amount=25>","Safe (cosmetic pool) · Risky if the optional gear pool is used","DEV SYSTEM REQUIRED","🗝️ BLOODMOON KEY ×25

When the moon bleeds, the Gates widen. Bloodmoon Crates wash up in the red light, sealed with old wax.

Opens the Bloodmoon Crate (Uncommon). Rewards and odds:
• Common (55%): 250–500 Throne Shards; Common and Rare cosmetics
• Rare (30%): 600–900 Throne Shards; Rare titles, tags and trails
• Epic (11%): 1,500 Throne Shards; Epic kill effects and teleport effects
• Legendary (3.4%): 3,500 Throne Shards; Legendary auras and pets
• Mythic (0.6%): Jackpot: Bloodmoon Eclipse aura (crate exclusive)

Jackpot: Bloodmoon Eclipse – a red moon eclipses behind the player while crimson light pulses outward.
Duplicate cosmetics convert to Throne Shards. Keys can also be earned in-game.

Delivered automatically in-game. Questions? Join our Discord.","IMAGE-PROMPTS.md → KEY-010","Enable Tebex gifting"
"KEY-011","Crate Keys","Bloodmoon Key ×50","130.99","Crate key","50× Bloodmoon Key (25% bulk saving)","Uncommon","Crate system","<GIVE_CRATE_KEY_COMMAND player={username} crate=bloodmoon amount=50>","Safe (cosmetic pool) · Risky if the optional gear pool is used","DEV SYSTEM REQUIRED","🗝️ BLOODMOON KEY ×50

When the moon bleeds, the Gates widen. Bloodmoon Crates wash up in the red light, sealed with old wax.

Opens the Bloodmoon Crate (Uncommon). Rewards and odds:
• Common (55%): 250–500 Throne Shards; Common and Rare cosmetics
• Rare (30%): 600–900 Throne Shards; Rare titles, tags and trails
• Epic (11%): 1,500 Throne Shards; Epic kill effects and teleport effects
• Legendary (3.4%): 3,500 Throne Shards; Legendary auras and pets
• Mythic (0.6%): Jackpot: Bloodmoon Eclipse aura (crate exclusive)

Jackpot: Bloodmoon Eclipse – a red moon eclipses behind the player while crimson light pulses outward.
Duplicate cosmetics convert to Throne Shards. Keys can also be earned in-game.

Delivered automatically in-game. Questions? Join our Discord.","IMAGE-PROMPTS.md → KEY-011","Enable Tebex gifting"
"KEY-012","Crate Keys","Bloodmoon Key ×100","244.99","Crate key","100× Bloodmoon Key (30% bulk saving)","Uncommon","Crate system","<GIVE_CRATE_KEY_COMMAND player={username} crate=bloodmoon amount=100>","Safe (cosmetic pool) · Risky if the optional gear pool is used","DEV SYSTEM REQUIRED","🗝️ BLOODMOON KEY ×100

When the moon bleeds, the Gates widen. Bloodmoon Crates wash up in the red light, sealed with old wax.

Opens the Bloodmoon Crate (Uncommon). Rewards and odds:
• Common (55%): 250–500 Throne Shards; Common and Rare cosmetics
• Rare (30%): 600–900 Throne Shards; Rare titles, tags and trails
• Epic (11%): 1,500 Throne Shards; Epic kill effects and teleport effects
• Legendary (3.4%): 3,500 Throne Shards; Legendary auras and pets
• Mythic (0.6%): Jackpot: Bloodmoon Eclipse aura (crate exclusive)

Jackpot: Bloodmoon Eclipse – a red moon eclipses behind the player while crimson light pulses outward.
Duplicate cosmetics convert to Throne Shards. Keys can also be earned in-game.

Delivered automatically in-game. Questions? Join our Discord.","IMAGE-PROMPTS.md → KEY-012","Enable Tebex gifting"
"KEY-013","Crate Keys","Abyssal Key ×1","4.99","Crate key","1× Abyssal Key","Rare","Crate system","<GIVE_CRATE_KEY_COMMAND player={username} crate=abyssal amount=1>","Safe (cosmetic pool) · Risky if the optional gear pool is used","DEV SYSTEM REQUIRED","🗝️ ABYSSAL KEY ×1

Dredged from the bottom of the deepest Gates, where light forgets itself.

Opens the Abyssal Crate (Rare). Rewards and odds:
• Common (48%): 400–700 Throne Shards; Rare cosmetics
• Rare (32%): 900–1,200 Throne Shards; Epic trails and particles
• Epic (14%): 2,000 Throne Shards; Epic pets and teleport effects
• Legendary (5%): 5,000 Throne Shards; Legendary weapon skins
• Mythic (1%): Jackpot: Voidborn Wraith pet (crate exclusive)

Jackpot: Voidborn Wraith – a cosmetic shadow-wraith companion trailing violet mist.
Duplicate cosmetics convert to Throne Shards. Keys can also be earned in-game.

Delivered automatically in-game. Questions? Join our Discord.","IMAGE-PROMPTS.md → KEY-013","Enable Tebex gifting"
"KEY-014","Crate Keys","Abyssal Key ×5","22.99","Crate key","5× Abyssal Key (10% bulk saving)","Rare","Crate system","<GIVE_CRATE_KEY_COMMAND player={username} crate=abyssal amount=5>","Safe (cosmetic pool) · Risky if the optional gear pool is used","DEV SYSTEM REQUIRED","🗝️ ABYSSAL KEY ×5

Dredged from the bottom of the deepest Gates, where light forgets itself.

Opens the Abyssal Crate (Rare). Rewards and odds:
• Common (48%): 400–700 Throne Shards; Rare cosmetics
• Rare (32%): 900–1,200 Throne Shards; Epic trails and particles
• Epic (14%): 2,000 Throne Shards; Epic pets and teleport effects
• Legendary (5%): 5,000 Throne Shards; Legendary weapon skins
• Mythic (1%): Jackpot: Voidborn Wraith pet (crate exclusive)

Jackpot: Voidborn Wraith – a cosmetic shadow-wraith companion trailing violet mist.
Duplicate cosmetics convert to Throne Shards. Keys can also be earned in-game.

Delivered automatically in-game. Questions? Join our Discord.","IMAGE-PROMPTS.md → KEY-014","Enable Tebex gifting"
"KEY-015","Crate Keys","Abyssal Key ×10","42.99","Crate key","10× Abyssal Key (15% bulk saving)","Rare","Crate system","<GIVE_CRATE_KEY_COMMAND player={username} crate=abyssal amount=10>","Safe (cosmetic pool) · Risky if the optional gear pool is used","DEV SYSTEM REQUIRED","🗝️ ABYSSAL KEY ×10

Dredged from the bottom of the deepest Gates, where light forgets itself.

Opens the Abyssal Crate (Rare). Rewards and odds:
• Common (48%): 400–700 Throne Shards; Rare cosmetics
• Rare (32%): 900–1,200 Throne Shards; Epic trails and particles
• Epic (14%): 2,000 Throne Shards; Epic pets and teleport effects
• Legendary (5%): 5,000 Throne Shards; Legendary weapon skins
• Mythic (1%): Jackpot: Voidborn Wraith pet (crate exclusive)

Jackpot: Voidborn Wraith – a cosmetic shadow-wraith companion trailing violet mist.
Duplicate cosmetics convert to Throne Shards. Keys can also be earned in-game.

Delivered automatically in-game. Questions? Join our Discord.","IMAGE-PROMPTS.md → KEY-015","Enable Tebex gifting"
"KEY-016","Crate Keys","Abyssal Key ×25","99.99","Crate key","25× Abyssal Key (20% bulk saving)","Rare","Crate system","<GIVE_CRATE_KEY_COMMAND player={username} crate=abyssal amount=25>","Safe (cosmetic pool) · Risky if the optional gear pool is used","DEV SYSTEM REQUIRED","🗝️ ABYSSAL KEY ×25

Dredged from the bottom of the deepest Gates, where light forgets itself.

Opens the Abyssal Crate (Rare). Rewards and odds:
• Common (48%): 400–700 Throne Shards; Rare cosmetics
• Rare (32%): 900–1,200 Throne Shards; Epic trails and particles
• Epic (14%): 2,000 Throne Shards; Epic pets and teleport effects
• Legendary (5%): 5,000 Throne Shards; Legendary weapon skins
• Mythic (1%): Jackpot: Voidborn Wraith pet (crate exclusive)

Jackpot: Voidborn Wraith – a cosmetic shadow-wraith companion trailing violet mist.
Duplicate cosmetics convert to Throne Shards. Keys can also be earned in-game.

Delivered automatically in-game. Questions? Join our Discord.","IMAGE-PROMPTS.md → KEY-016","Enable Tebex gifting"
"KEY-017","Crate Keys","Abyssal Key ×50","187.99","Crate key","50× Abyssal Key (25% bulk saving)","Rare","Crate system","<GIVE_CRATE_KEY_COMMAND player={username} crate=abyssal amount=50>","Safe (cosmetic pool) · Risky if the optional gear pool is used","DEV SYSTEM REQUIRED","🗝️ ABYSSAL KEY ×50

Dredged from the bottom of the deepest Gates, where light forgets itself.

Opens the Abyssal Crate (Rare). Rewards and odds:
• Common (48%): 400–700 Throne Shards; Rare cosmetics
• Rare (32%): 900–1,200 Throne Shards; Epic trails and particles
• Epic (14%): 2,000 Throne Shards; Epic pets and teleport effects
• Legendary (5%): 5,000 Throne Shards; Legendary weapon skins
• Mythic (1%): Jackpot: Voidborn Wraith pet (crate exclusive)

Jackpot: Voidborn Wraith – a cosmetic shadow-wraith companion trailing violet mist.
Duplicate cosmetics convert to Throne Shards. Keys can also be earned in-game.

Delivered automatically in-game. Questions? Join our Discord.","IMAGE-PROMPTS.md → KEY-017","Enable Tebex gifting"
"KEY-018","Crate Keys","Abyssal Key ×100","349.99","Crate key","100× Abyssal Key (30% bulk saving)","Rare","Crate system","<GIVE_CRATE_KEY_COMMAND player={username} crate=abyssal amount=100>","Safe (cosmetic pool) · Risky if the optional gear pool is used","DEV SYSTEM REQUIRED","🗝️ ABYSSAL KEY ×100

Dredged from the bottom of the deepest Gates, where light forgets itself.

Opens the Abyssal Crate (Rare). Rewards and odds:
• Common (48%): 400–700 Throne Shards; Rare cosmetics
• Rare (32%): 900–1,200 Throne Shards; Epic trails and particles
• Epic (14%): 2,000 Throne Shards; Epic pets and teleport effects
• Legendary (5%): 5,000 Throne Shards; Legendary weapon skins
• Mythic (1%): Jackpot: Voidborn Wraith pet (crate exclusive)

Jackpot: Voidborn Wraith – a cosmetic shadow-wraith companion trailing violet mist.
Duplicate cosmetics convert to Throne Shards. Keys can also be earned in-game.

Delivered automatically in-game. Questions? Join our Discord.","IMAGE-PROMPTS.md → KEY-018","Enable Tebex gifting"
"KEY-019","Crate Keys","Dreadforge Key ×1","6.99","Crate key","1× Dreadforge Key","Epic","Crate system","<GIVE_CRATE_KEY_COMMAND player={username} crate=dreadforge amount=1>","Safe (cosmetic pool) · Risky if the optional gear pool is used","DEV SYSTEM REQUIRED","🗝️ DREADFORGE KEY ×1

Hammered in the forges beneath Netherfall, where the dead still work the bellows.

Opens the Dreadforge Crate (Epic). Rewards and odds:
• Common (40%): 600–900 Throne Shards; Epic cosmetics
• Rare (34%): 1,200–1,600 Throne Shards; Epic armour and weapon skins
• Epic (18%): 2,500 Throne Shards; Legendary kill effects
• Legendary (6.5%): 6,000 Throne Shards; Legendary armour skin sets
• Mythic (1.5%): Jackpot: Molten Throne armour skin set (crate exclusive)

Jackpot: Molten Throne – a cosmetic armour skin set with glowing magma seams.
Duplicate cosmetics convert to Throne Shards. Keys can also be earned in-game.

Delivered automatically in-game. Questions? Join our Discord.","IMAGE-PROMPTS.md → KEY-019","Enable Tebex gifting"
"KEY-020","Crate Keys","Dreadforge Key ×5","31.99","Crate key","5× Dreadforge Key (10% bulk saving)","Epic","Crate system","<GIVE_CRATE_KEY_COMMAND player={username} crate=dreadforge amount=5>","Safe (cosmetic pool) · Risky if the optional gear pool is used","DEV SYSTEM REQUIRED","🗝️ DREADFORGE KEY ×5

Hammered in the forges beneath Netherfall, where the dead still work the bellows.

Opens the Dreadforge Crate (Epic). Rewards and odds:
• Common (40%): 600–900 Throne Shards; Epic cosmetics
• Rare (34%): 1,200–1,600 Throne Shards; Epic armour and weapon skins
• Epic (18%): 2,500 Throne Shards; Legendary kill effects
• Legendary (6.5%): 6,000 Throne Shards; Legendary armour skin sets
• Mythic (1.5%): Jackpot: Molten Throne armour skin set (crate exclusive)

Jackpot: Molten Throne – a cosmetic armour skin set with glowing magma seams.
Duplicate cosmetics convert to Throne Shards. Keys can also be earned in-game.

Delivered automatically in-game. Questions? Join our Discord.","IMAGE-PROMPTS.md → KEY-020","Enable Tebex gifting"
"KEY-021","Crate Keys","Dreadforge Key ×10","59.99","Crate key","10× Dreadforge Key (15% bulk saving)","Epic","Crate system","<GIVE_CRATE_KEY_COMMAND player={username} crate=dreadforge amount=10>","Safe (cosmetic pool) · Risky if the optional gear pool is used","DEV SYSTEM REQUIRED","🗝️ DREADFORGE KEY ×10

Hammered in the forges beneath Netherfall, where the dead still work the bellows.

Opens the Dreadforge Crate (Epic). Rewards and odds:
• Common (40%): 600–900 Throne Shards; Epic cosmetics
• Rare (34%): 1,200–1,600 Throne Shards; Epic armour and weapon skins
• Epic (18%): 2,500 Throne Shards; Legendary kill effects
• Legendary (6.5%): 6,000 Throne Shards; Legendary armour skin sets
• Mythic (1.5%): Jackpot: Molten Throne armour skin set (crate exclusive)

Jackpot: Molten Throne – a cosmetic armour skin set with glowing magma seams.
Duplicate cosmetics convert to Throne Shards. Keys can also be earned in-game.

Delivered automatically in-game. Questions? Join our Discord.","IMAGE-PROMPTS.md → KEY-021","Enable Tebex gifting"
"KEY-022","Crate Keys","Dreadforge Key ×25","139.99","Crate key","25× Dreadforge Key (20% bulk saving)","Epic","Crate system","<GIVE_CRATE_KEY_COMMAND player={username} crate=dreadforge amount=25>","Safe (cosmetic pool) · Risky if the optional gear pool is used","DEV SYSTEM REQUIRED","🗝️ DREADFORGE KEY ×25

Hammered in the forges beneath Netherfall, where the dead still work the bellows.

Opens the Dreadforge Crate (Epic). Rewards and odds:
• Common (40%): 600–900 Throne Shards; Epic cosmetics
• Rare (34%): 1,200–1,600 Throne Shards; Epic armour and weapon skins
• Epic (18%): 2,500 Throne Shards; Legendary kill effects
• Legendary (6.5%): 6,000 Throne Shards; Legendary armour skin sets
• Mythic (1.5%): Jackpot: Molten Throne armour skin set (crate exclusive)

Jackpot: Molten Throne – a cosmetic armour skin set with glowing magma seams.
Duplicate cosmetics convert to Throne Shards. Keys can also be earned in-game.

Delivered automatically in-game. Questions? Join our Discord.","IMAGE-PROMPTS.md → KEY-022","Enable Tebex gifting"
"KEY-023","Crate Keys","Dreadforge Key ×50","262.99","Crate key","50× Dreadforge Key (25% bulk saving)","Epic","Crate system","<GIVE_CRATE_KEY_COMMAND player={username} crate=dreadforge amount=50>","Safe (cosmetic pool) · Risky if the optional gear pool is used","DEV SYSTEM REQUIRED","🗝️ DREADFORGE KEY ×50

Hammered in the forges beneath Netherfall, where the dead still work the bellows.

Opens the Dreadforge Crate (Epic). Rewards and odds:
• Common (40%): 600–900 Throne Shards; Epic cosmetics
• Rare (34%): 1,200–1,600 Throne Shards; Epic armour and weapon skins
• Epic (18%): 2,500 Throne Shards; Legendary kill effects
• Legendary (6.5%): 6,000 Throne Shards; Legendary armour skin sets
• Mythic (1.5%): Jackpot: Molten Throne armour skin set (crate exclusive)

Jackpot: Molten Throne – a cosmetic armour skin set with glowing magma seams.
Duplicate cosmetics convert to Throne Shards. Keys can also be earned in-game.

Delivered automatically in-game. Questions? Join our Discord.","IMAGE-PROMPTS.md → KEY-023","Enable Tebex gifting"
"KEY-024","Crate Keys","Dreadforge Key ×100","489.99","Crate key","100× Dreadforge Key (30% bulk saving)","Epic","Crate system","<GIVE_CRATE_KEY_COMMAND player={username} crate=dreadforge amount=100>","Safe (cosmetic pool) · Risky if the optional gear pool is used","DEV SYSTEM REQUIRED","🗝️ DREADFORGE KEY ×100

Hammered in the forges beneath Netherfall, where the dead still work the bellows.

Opens the Dreadforge Crate (Epic). Rewards and odds:
• Common (40%): 600–900 Throne Shards; Epic cosmetics
• Rare (34%): 1,200–1,600 Throne Shards; Epic armour and weapon skins
• Epic (18%): 2,500 Throne Shards; Legendary kill effects
• Legendary (6.5%): 6,000 Throne Shards; Legendary armour skin sets
• Mythic (1.5%): Jackpot: Molten Throne armour skin set (crate exclusive)

Jackpot: Molten Throne – a cosmetic armour skin set with glowing magma seams.
Duplicate cosmetics convert to Throne Shards. Keys can also be earned in-game.

Delivered automatically in-game. Questions? Join our Discord.","IMAGE-PROMPTS.md → KEY-024","Enable Tebex gifting"
"KEY-025","Crate Keys","Regalia Key ×1","9.99","Crate key","1× Regalia Key","Legendary","Crate system","<GIVE_CRATE_KEY_COMMAND player={username} crate=regalia amount=1>","Safe (cosmetic pool) · Risky if the optional gear pool is used","DEV SYSTEM REQUIRED","🗝️ REGALIA KEY ×1

Treasures of fallen kings: sceptres, signets and stolen crowns, sealed in gold for whoever claims them next.

Opens the Regalia Crate (Legendary). Rewards and odds:
• Common (30%): 900–1,300 Throne Shards; Epic cosmetics
• Rare (36%): 1,800–2,400 Throne Shards; Legendary titles and tags
• Epic (22%): 3,500 Throne Shards; Legendary pets and auras
• Legendary (9.5%): 8,000 Throne Shards; Mythic chat and teleport effects
• Mythic (2.5%): Jackpot: Gilded Regalia weapon skin set (crate exclusive)

Jackpot: Gilded Regalia – a set of cosmetic weapon skins in black steel and gold filigree.
Duplicate cosmetics convert to Throne Shards. Keys can also be earned in-game.

Delivered automatically in-game. Questions? Join our Discord.","IMAGE-PROMPTS.md → KEY-025","Enable Tebex gifting"
"KEY-026","Crate Keys","Regalia Key ×5","44.99","Crate key","5× Regalia Key (10% bulk saving)","Legendary","Crate system","<GIVE_CRATE_KEY_COMMAND player={username} crate=regalia amount=5>","Safe (cosmetic pool) · Risky if the optional gear pool is used","DEV SYSTEM REQUIRED","🗝️ REGALIA KEY ×5

Treasures of fallen kings: sceptres, signets and stolen crowns, sealed in gold for whoever claims them next.

Opens the Regalia Crate (Legendary). Rewards and odds:
• Common (30%): 900–1,300 Throne Shards; Epic cosmetics
• Rare (36%): 1,800–2,400 Throne Shards; Legendary titles and tags
• Epic (22%): 3,500 Throne Shards; Legendary pets and auras
• Legendary (9.5%): 8,000 Throne Shards; Mythic chat and teleport effects
• Mythic (2.5%): Jackpot: Gilded Regalia weapon skin set (crate exclusive)

Jackpot: Gilded Regalia – a set of cosmetic weapon skins in black steel and gold filigree.
Duplicate cosmetics convert to Throne Shards. Keys can also be earned in-game.

Delivered automatically in-game. Questions? Join our Discord.","IMAGE-PROMPTS.md → KEY-026","Enable Tebex gifting"
"KEY-027","Crate Keys","Regalia Key ×10","84.99","Crate key","10× Regalia Key (15% bulk saving)","Legendary","Crate system","<GIVE_CRATE_KEY_COMMAND player={username} crate=regalia amount=10>","Safe (cosmetic pool) · Risky if the optional gear pool is used","DEV SYSTEM REQUIRED","🗝️ REGALIA KEY ×10

Treasures of fallen kings: sceptres, signets and stolen crowns, sealed in gold for whoever claims them next.

Opens the Regalia Crate (Legendary). Rewards and odds:
• Common (30%): 900–1,300 Throne Shards; Epic cosmetics
• Rare (36%): 1,800–2,400 Throne Shards; Legendary titles and tags
• Epic (22%): 3,500 Throne Shards; Legendary pets and auras
• Legendary (9.5%): 8,000 Throne Shards; Mythic chat and teleport effects
• Mythic (2.5%): Jackpot: Gilded Regalia weapon skin set (crate exclusive)

Jackpot: Gilded Regalia – a set of cosmetic weapon skins in black steel and gold filigree.
Duplicate cosmetics convert to Throne Shards. Keys can also be earned in-game.

Delivered automatically in-game. Questions? Join our Discord.","IMAGE-PROMPTS.md → KEY-027","Enable Tebex gifting"
"KEY-028","Crate Keys","Regalia Key ×25","199.99","Crate key","25× Regalia Key (20% bulk saving)","Legendary","Crate system","<GIVE_CRATE_KEY_COMMAND player={username} crate=regalia amount=25>","Safe (cosmetic pool) · Risky if the optional gear pool is used","DEV SYSTEM REQUIRED","🗝️ REGALIA KEY ×25

Treasures of fallen kings: sceptres, signets and stolen crowns, sealed in gold for whoever claims them next.

Opens the Regalia Crate (Legendary). Rewards and odds:
• Common (30%): 900–1,300 Throne Shards; Epic cosmetics
• Rare (36%): 1,800–2,400 Throne Shards; Legendary titles and tags
• Epic (22%): 3,500 Throne Shards; Legendary pets and auras
• Legendary (9.5%): 8,000 Throne Shards; Mythic chat and teleport effects
• Mythic (2.5%): Jackpot: Gilded Regalia weapon skin set (crate exclusive)

Jackpot: Gilded Regalia – a set of cosmetic weapon skins in black steel and gold filigree.
Duplicate cosmetics convert to Throne Shards. Keys can also be earned in-game.

Delivered automatically in-game. Questions? Join our Discord.","IMAGE-PROMPTS.md → KEY-028","Enable Tebex gifting"
"KEY-029","Crate Keys","Regalia Key ×50","374.99","Crate key","50× Regalia Key (25% bulk saving)","Legendary","Crate system","<GIVE_CRATE_KEY_COMMAND player={username} crate=regalia amount=50>","Safe (cosmetic pool) · Risky if the optional gear pool is used","DEV SYSTEM REQUIRED","🗝️ REGALIA KEY ×50

Treasures of fallen kings: sceptres, signets and stolen crowns, sealed in gold for whoever claims them next.

Opens the Regalia Crate (Legendary). Rewards and odds:
• Common (30%): 900–1,300 Throne Shards; Epic cosmetics
• Rare (36%): 1,800–2,400 Throne Shards; Legendary titles and tags
• Epic (22%): 3,500 Throne Shards; Legendary pets and auras
• Legendary (9.5%): 8,000 Throne Shards; Mythic chat and teleport effects
• Mythic (2.5%): Jackpot: Gilded Regalia weapon skin set (crate exclusive)

Jackpot: Gilded Regalia – a set of cosmetic weapon skins in black steel and gold filigree.
Duplicate cosmetics convert to Throne Shards. Keys can also be earned in-game.

Delivered automatically in-game. Questions? Join our Discord.","IMAGE-PROMPTS.md → KEY-029","Enable Tebex gifting"
"KEY-030","Crate Keys","Regalia Key ×100","699.99","Crate key","100× Regalia Key (30% bulk saving)","Legendary","Crate system","<GIVE_CRATE_KEY_COMMAND player={username} crate=regalia amount=100>","Safe (cosmetic pool) · Risky if the optional gear pool is used","DEV SYSTEM REQUIRED","🗝️ REGALIA KEY ×100

Treasures of fallen kings: sceptres, signets and stolen crowns, sealed in gold for whoever claims them next.

Opens the Regalia Crate (Legendary). Rewards and odds:
• Common (30%): 900–1,300 Throne Shards; Epic cosmetics
• Rare (36%): 1,800–2,400 Throne Shards; Legendary titles and tags
• Epic (22%): 3,500 Throne Shards; Legendary pets and auras
• Legendary (9.5%): 8,000 Throne Shards; Mythic chat and teleport effects
• Mythic (2.5%): Jackpot: Gilded Regalia weapon skin set (crate exclusive)

Jackpot: Gilded Regalia – a set of cosmetic weapon skins in black steel and gold filigree.
Duplicate cosmetics convert to Throne Shards. Keys can also be earned in-game.

Delivered automatically in-game. Questions? Join our Discord.","IMAGE-PROMPTS.md → KEY-030","Enable Tebex gifting"
"KEY-031","Crate Keys","Throne Key ×1","14.99","Crate key","1× Throne Key","Mythic","Crate system","<GIVE_CRATE_KEY_COMMAND player={username} crate=throne amount=1>","Safe (cosmetic pool) · Risky if the optional gear pool is used","DEV SYSTEM REQUIRED","🗝️ THRONE KEY ×1

There is only one throne. Every Throne Crate holds a fragment of it.

Opens the Throne Crate (Mythic). Rewards and odds:
• Common (20%): 1,500–2,000 Throne Shards; Legendary cosmetics
• Rare (35%): 3,000 Throne Shards; Legendary auras and pets
• Epic (28%): 5,000 Throne Shards; Mythic effects
• Legendary (13%): 12,000 Throne Shards; Mythic armour skin sets
• Mythic (4%): Jackpot: The Empty Throne aura + title “Throne Taker” (crate exclusive)

Jackpot: The Empty Throne – a spectral broken throne rises behind the player; awards the title “Throne Taker”.
Duplicate cosmetics convert to Throne Shards. Keys can also be earned in-game.

Delivered automatically in-game. Questions? Join our Discord.","IMAGE-PROMPTS.md → KEY-031","Enable Tebex gifting"
"KEY-032","Crate Keys","Throne Key ×5","67.99","Crate key","5× Throne Key (10% bulk saving)","Mythic","Crate system","<GIVE_CRATE_KEY_COMMAND player={username} crate=throne amount=5>","Safe (cosmetic pool) · Risky if the optional gear pool is used","DEV SYSTEM REQUIRED","🗝️ THRONE KEY ×5

There is only one throne. Every Throne Crate holds a fragment of it.

Opens the Throne Crate (Mythic). Rewards and odds:
• Common (20%): 1,500–2,000 Throne Shards; Legendary cosmetics
• Rare (35%): 3,000 Throne Shards; Legendary auras and pets
• Epic (28%): 5,000 Throne Shards; Mythic effects
• Legendary (13%): 12,000 Throne Shards; Mythic armour skin sets
• Mythic (4%): Jackpot: The Empty Throne aura + title “Throne Taker” (crate exclusive)

Jackpot: The Empty Throne – a spectral broken throne rises behind the player; awards the title “Throne Taker”.
Duplicate cosmetics convert to Throne Shards. Keys can also be earned in-game.

Delivered automatically in-game. Questions? Join our Discord.","IMAGE-PROMPTS.md → KEY-032","Enable Tebex gifting"
"KEY-033","Crate Keys","Throne Key ×10","127.99","Crate key","10× Throne Key (15% bulk saving)","Mythic","Crate system","<GIVE_CRATE_KEY_COMMAND player={username} crate=throne amount=10>","Safe (cosmetic pool) · Risky if the optional gear pool is used","DEV SYSTEM REQUIRED","🗝️ THRONE KEY ×10

There is only one throne. Every Throne Crate holds a fragment of it.

Opens the Throne Crate (Mythic). Rewards and odds:
• Common (20%): 1,500–2,000 Throne Shards; Legendary cosmetics
• Rare (35%): 3,000 Throne Shards; Legendary auras and pets
• Epic (28%): 5,000 Throne Shards; Mythic effects
• Legendary (13%): 12,000 Throne Shards; Mythic armour skin sets
• Mythic (4%): Jackpot: The Empty Throne aura + title “Throne Taker” (crate exclusive)

Jackpot: The Empty Throne – a spectral broken throne rises behind the player; awards the title “Throne Taker”.
Duplicate cosmetics convert to Throne Shards. Keys can also be earned in-game.

Delivered automatically in-game. Questions? Join our Discord.","IMAGE-PROMPTS.md → KEY-033","Enable Tebex gifting"
"KEY-034","Crate Keys","Throne Key ×25","299.99","Crate key","25× Throne Key (20% bulk saving)","Mythic","Crate system","<GIVE_CRATE_KEY_COMMAND player={username} crate=throne amount=25>","Safe (cosmetic pool) · Risky if the optional gear pool is used","DEV SYSTEM REQUIRED","🗝️ THRONE KEY ×25

There is only one throne. Every Throne Crate holds a fragment of it.

Opens the Throne Crate (Mythic). Rewards and odds:
• Common (20%): 1,500–2,000 Throne Shards; Legendary cosmetics
• Rare (35%): 3,000 Throne Shards; Legendary auras and pets
• Epic (28%): 5,000 Throne Shards; Mythic effects
• Legendary (13%): 12,000 Throne Shards; Mythic armour skin sets
• Mythic (4%): Jackpot: The Empty Throne aura + title “Throne Taker” (crate exclusive)

Jackpot: The Empty Throne – a spectral broken throne rises behind the player; awards the title “Throne Taker”.
Duplicate cosmetics convert to Throne Shards. Keys can also be earned in-game.

Delivered automatically in-game. Questions? Join our Discord.","IMAGE-PROMPTS.md → KEY-034","Enable Tebex gifting"
"KEY-035","Crate Keys","Throne Key ×50","562.99","Crate key","50× Throne Key (25% bulk saving)","Mythic","Crate system","<GIVE_CRATE_KEY_COMMAND player={username} crate=throne amount=50>","Safe (cosmetic pool) · Risky if the optional gear pool is used","DEV SYSTEM REQUIRED","🗝️ THRONE KEY ×50

There is only one throne. Every Throne Crate holds a fragment of it.

Opens the Throne Crate (Mythic). Rewards and odds:
• Common (20%): 1,500–2,000 Throne Shards; Legendary cosmetics
• Rare (35%): 3,000 Throne Shards; Legendary auras and pets
• Epic (28%): 5,000 Throne Shards; Mythic effects
• Legendary (13%): 12,000 Throne Shards; Mythic armour skin sets
• Mythic (4%): Jackpot: The Empty Throne aura + title “Throne Taker” (crate exclusive)

Jackpot: The Empty Throne – a spectral broken throne rises behind the player; awards the title “Throne Taker”.
Duplicate cosmetics convert to Throne Shards. Keys can also be earned in-game.

Delivered automatically in-game. Questions? Join our Discord.","IMAGE-PROMPTS.md → KEY-035","Enable Tebex gifting"
"KEY-036","Crate Keys","Throne Key ×100","1049.99","Crate key","100× Throne Key (30% bulk saving)","Mythic","Crate system","<GIVE_CRATE_KEY_COMMAND player={username} crate=throne amount=100>","Safe (cosmetic pool) · Risky if the optional gear pool is used","DEV SYSTEM REQUIRED","🗝️ THRONE KEY ×100

There is only one throne. Every Throne Crate holds a fragment of it.

Opens the Throne Crate (Mythic). Rewards and odds:
• Common (20%): 1,500–2,000 Throne Shards; Legendary cosmetics
• Rare (35%): 3,000 Throne Shards; Legendary auras and pets
• Epic (28%): 5,000 Throne Shards; Mythic effects
• Legendary (13%): 12,000 Throne Shards; Mythic armour skin sets
• Mythic (4%): Jackpot: The Empty Throne aura + title “Throne Taker” (crate exclusive)

Jackpot: The Empty Throne – a spectral broken throne rises behind the player; awards the title “Throne Taker”.
Duplicate cosmetics convert to Throne Shards. Keys can also be earned in-game.

Delivered automatically in-game. Questions? Join our Discord.","IMAGE-PROMPTS.md → KEY-036","Enable Tebex gifting"
"KEY-037","Crate Keys","Gate Key Sampler","29.99","Key bundle","1× Ember Key; 1× Bloodmoon Key; 1× Abyssal Key; 1× Dreadforge Key; 1× Regalia Key; 1× Throne Key","Mixed","Crate system","<GIVE_CRATE_KEY_COMMAND player={username} crate=ember amount=1> + <GIVE_CRATE_KEY_COMMAND player={username} crate=bloodmoon amount=1> + <GIVE_CRATE_KEY_COMMAND player={username} crate=abyssal amount=1> + <GIVE_CRATE_KEY_COMMAND player={username} crate=dreadforge amount=1> + <GIVE_CRATE_KEY_COMMAND player={username} crate=regalia amount=1> + <GIVE_CRATE_KEY_COMMAND player={username} crate=throne amount=1>","Safe (cosmetic pool) · Risky if the gear pool is used","DEV SYSTEM REQUIRED","🗝️ GATE KEY SAMPLER

One key for every Gate Crate – try them all.

• 1× Ember Key
• 1× Bloodmoon Key
• 1× Abyssal Key
• 1× Dreadforge Key
• 1× Regalia Key
• 1× Throne Key

See each crate key for rewards and odds.

Delivered automatically in-game. Questions? Join our Discord.","IMAGE-PROMPTS.md → KEY-037","Enable Tebex gifting"
"KEY-038","Crate Keys","Lower Gates Key Cache","24.99","Key bundle","5× Ember Key; 3× Bloodmoon Key; 2× Abyssal Key","Mixed","Crate system","<GIVE_CRATE_KEY_COMMAND player={username} crate=ember amount=5> + <GIVE_CRATE_KEY_COMMAND player={username} crate=bloodmoon amount=3> + <GIVE_CRATE_KEY_COMMAND player={username} crate=abyssal amount=2>","Safe (cosmetic pool) · Risky if the gear pool is used","DEV SYSTEM REQUIRED","🗝️ LOWER GATES KEY CACHE

A mix of Ember, Bloodmoon and Abyssal keys.

• 5× Ember Key
• 3× Bloodmoon Key
• 2× Abyssal Key

See each crate key for rewards and odds.

Delivered automatically in-game. Questions? Join our Discord.","IMAGE-PROMPTS.md → KEY-038","Enable Tebex gifting"
"KEY-039","Crate Keys","High Gates Key Vault","89.99","Key bundle","3× Dreadforge Key; 3× Regalia Key; 3× Throne Key","Mixed","Crate system","<GIVE_CRATE_KEY_COMMAND player={username} crate=dreadforge amount=3> + <GIVE_CRATE_KEY_COMMAND player={username} crate=regalia amount=3> + <GIVE_CRATE_KEY_COMMAND player={username} crate=throne amount=3>","Safe (cosmetic pool) · Risky if the gear pool is used","DEV SYSTEM REQUIRED","🗝️ HIGH GATES KEY VAULT

Dreadforge, Regalia and Throne keys for the prestige crates.

• 3× Dreadforge Key
• 3× Regalia Key
• 3× Throne Key

See each crate key for rewards and odds.

Delivered automatically in-game. Questions? Join our Discord.","IMAGE-PROMPTS.md → KEY-039","Enable Tebex gifting"
"SHARD-001","Throne Shards","Shard Pouch: 1,000 Throne Shards","4.99","Premium currency (cosmetic-only)","1,000 Throne Shards","Common","Throne Shard currency + Throne Vault","<GIVE_SHARDS_COMMAND player={username} amount=1000>","Safe","DEV SYSTEM REQUIRED","💎 1,000 THRONE SHARDS

1,000 Throne Shards.

Spend Throne Shards in the in-game Throne Vault on auras, trails, titles, pets, skins and more.
Throne Shards can only be spent on cosmetics.

Delivered automatically in-game. Questions? Join our Discord.","IMAGE-PROMPTS.md → SHARD-001","Enable Tebex gifting"
"SHARD-002","Throne Shards","Shard Satchel: 2,500 Throne Shards","11.99","Premium currency (cosmetic-only)","2,500 Throne Shards + 5% bonus = 2,625","Common","Throne Shard currency + Throne Vault","<GIVE_SHARDS_COMMAND player={username} amount=2625>","Safe","DEV SYSTEM REQUIRED","💎 2,625 THRONE SHARDS

2,500 Throne Shards + 5% BONUS (125 extra).

Spend Throne Shards in the in-game Throne Vault on auras, trails, titles, pets, skins and more.
Throne Shards can only be spent on cosmetics.

Delivered automatically in-game. Questions? Join our Discord.","IMAGE-PROMPTS.md → SHARD-002","Enable Tebex gifting"
"SHARD-003","Throne Shards","Shard Coffer: 5,000 Throne Shards","22.99","Premium currency (cosmetic-only)","5,000 Throne Shards + 10% bonus = 5,500","Rare","Throne Shard currency + Throne Vault","<GIVE_SHARDS_COMMAND player={username} amount=5500>","Safe","DEV SYSTEM REQUIRED","💎 5,500 THRONE SHARDS

5,000 Throne Shards + 10% BONUS (500 extra).

Spend Throne Shards in the in-game Throne Vault on auras, trails, titles, pets, skins and more.
Throne Shards can only be spent on cosmetics.

Delivered automatically in-game. Questions? Join our Discord.","IMAGE-PROMPTS.md → SHARD-003","Enable Tebex gifting"
"SHARD-004","Throne Shards","Shard Chest: 10,000 Throne Shards","44.99","Premium currency (cosmetic-only)","10,000 Throne Shards + 15% bonus = 11,500","Rare","Throne Shard currency + Throne Vault","<GIVE_SHARDS_COMMAND player={username} amount=11500>","Safe","DEV SYSTEM REQUIRED","💎 11,500 THRONE SHARDS

10,000 Throne Shards + 15% BONUS (1,500 extra).

Spend Throne Shards in the in-game Throne Vault on auras, trails, titles, pets, skins and more.
Throne Shards can only be spent on cosmetics.

Delivered automatically in-game. Questions? Join our Discord.","IMAGE-PROMPTS.md → SHARD-004","Enable Tebex gifting"
"SHARD-005","Throne Shards","Shard Vault: 25,000 Throne Shards","104.99","Premium currency (cosmetic-only)","25,000 Throne Shards + 20% bonus = 30,000","Epic","Throne Shard currency + Throne Vault","<GIVE_SHARDS_COMMAND player={username} amount=30000>","Safe","DEV SYSTEM REQUIRED","💎 30,000 THRONE SHARDS

25,000 Throne Shards + 20% BONUS (5,000 extra).

Spend Throne Shards in the in-game Throne Vault on auras, trails, titles, pets, skins and more.
Throne Shards can only be spent on cosmetics.

Delivered automatically in-game. Questions? Join our Discord.","IMAGE-PROMPTS.md → SHARD-005","Enable Tebex gifting"
"SHARD-006","Throne Shards","Shard Hoard: 50,000 Throne Shards","199.99","Premium currency (cosmetic-only)","50,000 Throne Shards + 25% bonus = 62,500","Legendary","Throne Shard currency + Throne Vault","<GIVE_SHARDS_COMMAND player={username} amount=62500>","Safe","DEV SYSTEM REQUIRED","💎 62,500 THRONE SHARDS

50,000 Throne Shards + 25% BONUS (12,500 extra).

Spend Throne Shards in the in-game Throne Vault on auras, trails, titles, pets, skins and more.
Throne Shards can only be spent on cosmetics.

Delivered automatically in-game. Questions? Join our Discord.","IMAGE-PROMPTS.md → SHARD-006","Enable Tebex gifting"
"SHARD-007","Throne Shards","Throne Treasury: 100,000 Throne Shards","379.99","Premium currency (cosmetic-only)","100,000 Throne Shards + 30% bonus = 130,000","Mythic","Throne Shard currency + Throne Vault","<GIVE_SHARDS_COMMAND player={username} amount=130000>","Safe","DEV SYSTEM REQUIRED","💎 130,000 THRONE SHARDS

100,000 Throne Shards + 30% BONUS (30,000 extra).

Spend Throne Shards in the in-game Throne Vault on auras, trails, titles, pets, skins and more.
Throne Shards can only be spent on cosmetics.

Delivered automatically in-game. Questions? Join our Discord.","IMAGE-PROMPTS.md → SHARD-007","Enable Tebex gifting"
"COS-001","Cosmetics","Crimson Halo","7.99","Aura","Crimson Halo (Aura)","Epic","Cosmetics system","<GRANT_COSMETIC_COMMAND player={username} id=aura_crimson_halo>","Safe","DEV SYSTEM REQUIRED","✦ CRIMSON HALO · EPIC AURA

A slow ring of crimson light orbits your head, pulsing like a heartbeat.

Purely cosmetic: no stats, no gameplay effect.
Equip it from your in-game wardrobe.

Delivered automatically in-game. Questions? Join our Discord.","IMAGE-PROMPTS.md → COS-001","Enable Tebex gifting"
"COS-002","Cosmetics","Obsidian Crown","12.99","Aura","Obsidian Crown (Aura)","Legendary","Cosmetics system","<GRANT_COSMETIC_COMMAND player={username} id=aura_obsidian_crown>","Safe","DEV SYSTEM REQUIRED","✦ OBSIDIAN CROWN · LEGENDARY AURA

A spectral crown of black glass hovers above you, shedding crimson sparks.

Purely cosmetic: no stats, no gameplay effect.
Equip it from your in-game wardrobe.

Delivered automatically in-game. Questions? Join our Discord.","IMAGE-PROMPTS.md → COS-002","Enable Tebex gifting"
"COS-003","Cosmetics","Abyssal Flame","19.99","Aura","Abyssal Flame (Aura)","Mythic","Cosmetics system","<GRANT_COSMETIC_COMMAND player={username} id=aura_abyssal_flame>","Safe","DEV SYSTEM REQUIRED","✦ ABYSSAL FLAME · MYTHIC AURA

Black-violet fire licks upward around you without ever burning.

Purely cosmetic: no stats, no gameplay effect.
Equip it from your in-game wardrobe.

Delivered automatically in-game. Questions? Join our Discord.","IMAGE-PROMPTS.md → COS-003","Enable Tebex gifting"
"COS-004","Cosmetics","Bloodstep","4.99","Trail","Bloodstep (Trail)","Rare","Cosmetics system","<GRANT_COSMETIC_COMMAND player={username} id=trail_bloodstep>","Safe","DEV SYSTEM REQUIRED","✦ BLOODSTEP · RARE TRAIL

Each footstep leaves a fading crimson sigil on the ground.

Purely cosmetic: no stats, no gameplay effect.
Equip it from your in-game wardrobe.

Delivered automatically in-game. Questions? Join our Discord.","IMAGE-PROMPTS.md → COS-004","Enable Tebex gifting"
"COS-005","Cosmetics","Ember Wake","2.99","Trail","Ember Wake (Trail)","Common","Cosmetics system","<GRANT_COSMETIC_COMMAND player={username} id=trail_ember_wake>","Safe","DEV SYSTEM REQUIRED","✦ EMBER WAKE · COMMON TRAIL

A soft wake of drifting embers follows wherever you walk.

Purely cosmetic: no stats, no gameplay effect.
Equip it from your in-game wardrobe.

Delivered automatically in-game. Questions? Join our Discord.","IMAGE-PROMPTS.md → COS-005","Enable Tebex gifting"
"COS-006","Cosmetics","Shattered Crystal","7.99","Trail","Shattered Crystal (Trail)","Epic","Cosmetics system","<GRANT_COSMETIC_COMMAND player={username} id=trail_crystal_shard>","Safe","DEV SYSTEM REQUIRED","✦ SHATTERED CRYSTAL · EPIC TRAIL

Red crystal shards sprout and shatter behind you.

Purely cosmetic: no stats, no gameplay effect.
Equip it from your in-game wardrobe.

Delivered automatically in-game. Questions? Join our Discord.","IMAGE-PROMPTS.md → COS-006","Enable Tebex gifting"
"COS-007","Cosmetics","Falling Ash","2.99","Particle","Falling Ash (Particle)","Common","Cosmetics system","<GRANT_COSMETIC_COMMAND player={username} id=particle_falling_ash>","Safe","DEV SYSTEM REQUIRED","✦ FALLING ASH · COMMON PARTICLE

Grey ash drifts down around you like a quiet funeral.

Purely cosmetic: no stats, no gameplay effect.
Equip it from your in-game wardrobe.

Delivered automatically in-game. Questions? Join our Discord.","IMAGE-PROMPTS.md → COS-007","Enable Tebex gifting"
"COS-008","Cosmetics","Orbiting Runes","4.99","Particle","Orbiting Runes (Particle)","Rare","Cosmetics system","<GRANT_COSMETIC_COMMAND player={username} id=particle_orbiting_runes>","Safe","DEV SYSTEM REQUIRED","✦ ORBITING RUNES · RARE PARTICLE

Three crimson runes slowly orbit your body.

Purely cosmetic: no stats, no gameplay effect.
Equip it from your in-game wardrobe.

Delivered automatically in-game. Questions? Join our Discord.","IMAGE-PROMPTS.md → COS-008","Enable Tebex gifting"
"COS-009","Cosmetics","Bloodmoon Eclipse","12.99","Kill Effect","Bloodmoon Eclipse (Kill Effect)","Legendary","Cosmetics system","<GRANT_COSMETIC_COMMAND player={username} id=kill_bloodmoon_eclipse>","Safe","DEV SYSTEM REQUIRED","✦ BLOODMOON ECLIPSE · LEGENDARY KILL EFFECT

A red moon flashes overhead as your opponent falls.

Purely cosmetic: no stats, no gameplay effect.
Equip it from your in-game wardrobe.

Delivered automatically in-game. Questions? Join our Discord.","IMAGE-PROMPTS.md → COS-009","Enable Tebex gifting"
"COS-010","Cosmetics","Throne Shatter","7.99","Kill Effect","Throne Shatter (Kill Effect)","Epic","Cosmetics system","<GRANT_COSMETIC_COMMAND player={username} id=kill_throne_shatter>","Safe","DEV SYSTEM REQUIRED","✦ THRONE SHATTER · EPIC KILL EFFECT

A miniature throne appears – and shatters into crimson glass.

Purely cosmetic: no stats, no gameplay effect.
Equip it from your in-game wardrobe.

Delivered automatically in-game. Questions? Join our Discord.","IMAGE-PROMPTS.md → COS-010","Enable Tebex gifting"
"COS-011","Cosmetics","Chainbind","4.99","Kill Effect","Chainbind (Kill Effect)","Rare","Cosmetics system","<GRANT_COSMETIC_COMMAND player={username} id=kill_chainbind>","Safe","DEV SYSTEM REQUIRED","✦ CHAINBIND · RARE KILL EFFECT

Spectral chains burst from the ground where they fell.

Purely cosmetic: no stats, no gameplay effect.
Equip it from your in-game wardrobe.

Delivered automatically in-game. Questions? Join our Discord.","IMAGE-PROMPTS.md → COS-011","Enable Tebex gifting"
"COS-012","Cosmetics","Soul Ascension","4.99","Death Effect","Soul Ascension (Death Effect)","Rare","Cosmetics system","<GRANT_COSMETIC_COMMAND player={username} id=death_soul_ascension>","Safe","DEV SYSTEM REQUIRED","✦ SOUL ASCENSION · RARE DEATH EFFECT

Your soul rises in a pale crimson column when you fall.

Purely cosmetic: no stats, no gameplay effect.
Equip it from your in-game wardrobe.

Delivered automatically in-game. Questions? Join our Discord.","IMAGE-PROMPTS.md → COS-012","Enable Tebex gifting"
"COS-013","Cosmetics","Ashen Collapse","7.99","Death Effect","Ashen Collapse (Death Effect)","Epic","Cosmetics system","<GRANT_COSMETIC_COMMAND player={username} id=death_ashen_collapse>","Safe","DEV SYSTEM REQUIRED","✦ ASHEN COLLAPSE · EPIC DEATH EFFECT

You crumble into ash that scatters on the wind.

Purely cosmetic: no stats, no gameplay effect.
Equip it from your in-game wardrobe.

Delivered automatically in-game. Questions? Join our Discord.","IMAGE-PROMPTS.md → COS-013","Enable Tebex gifting"
"COS-014","Cosmetics","Gatebreaker","4.99","Title","Gatebreaker (Title)","Rare","Cosmetics system","<GRANT_COSMETIC_COMMAND player={username} id=title_gatebreaker>","Safe","DEV SYSTEM REQUIRED","✦ GATEBREAKER · RARE TITLE

Title: “the Gatebreaker”, shown under your name.

Purely cosmetic: no stats, no gameplay effect.
Equip it from your in-game wardrobe.

Delivered automatically in-game. Questions? Join our Discord.","IMAGE-PROMPTS.md → COS-014","Enable Tebex gifting"
"COS-015","Cosmetics","Crimson Hunter","2.99","Title","Crimson Hunter (Title)","Common","Cosmetics system","<GRANT_COSMETIC_COMMAND player={username} id=title_crimson_hunter>","Safe","DEV SYSTEM REQUIRED","✦ CRIMSON HUNTER · COMMON TITLE

Title: “Crimson Hunter”.

Purely cosmetic: no stats, no gameplay effect.
Equip it from your in-game wardrobe.

Delivered automatically in-game. Questions? Join our Discord.","IMAGE-PROMPTS.md → COS-015","Enable Tebex gifting"
"COS-016","Cosmetics","Ashborn","7.99","Title","Ashborn (Title)","Epic","Cosmetics system","<GRANT_COSMETIC_COMMAND player={username} id=title_ashborn>","Safe","DEV SYSTEM REQUIRED","✦ ASHBORN · EPIC TITLE

Title: “Ashborn”, glowing with ember edges.

Purely cosmetic: no stats, no gameplay effect.
Equip it from your in-game wardrobe.

Delivered automatically in-game. Questions? Join our Discord.","IMAGE-PROMPTS.md → COS-016","Enable Tebex gifting"
"COS-017","Cosmetics","Oathless","12.99","Title","Oathless (Title)","Legendary","Cosmetics system","<GRANT_COSMETIC_COMMAND player={username} id=title_oathless>","Safe","DEV SYSTEM REQUIRED","✦ OATHLESS · LEGENDARY TITLE

Title: “the Oathless”, with a broken-chain flourish.

Purely cosmetic: no stats, no gameplay effect.
Equip it from your in-game wardrobe.

Delivered automatically in-game. Questions? Join our Discord.","IMAGE-PROMPTS.md → COS-017","Enable Tebex gifting"
"COS-018","Cosmetics","Crimson Sigil","4.99","Chat Tag","Crimson Sigil (Chat Tag)","Rare","Cosmetics system","<GRANT_COSMETIC_COMMAND player={username} id=tag_crimson_sigil>","Safe","DEV SYSTEM REQUIRED","✦ CRIMSON SIGIL · RARE CHAT TAG

A crimson sigil tag shown before your name in chat.

Purely cosmetic: no stats, no gameplay effect.
Equip it from your in-game wardrobe.

Delivered automatically in-game. Questions? Join our Discord.","IMAGE-PROMPTS.md → COS-018","Enable Tebex gifting"
"COS-019","Cosmetics","Black Crown","7.99","Chat Tag","Black Crown (Chat Tag)","Epic","Cosmetics system","<GRANT_COSMETIC_COMMAND player={username} id=tag_black_crown>","Safe","DEV SYSTEM REQUIRED","✦ BLACK CROWN · EPIC CHAT TAG

A black crown tag in chat and tab.

Purely cosmetic: no stats, no gameplay effect.
Equip it from your in-game wardrobe.

Delivered automatically in-game. Questions? Join our Discord.","IMAGE-PROMPTS.md → COS-019","Enable Tebex gifting"
"COS-020","Cosmetics","Nightmare Steed","12.99","Mount Skin","Nightmare Steed (Mount Skin)","Legendary","Cosmetics system + resource pack models","<GRANT_COSMETIC_COMMAND player={username} id=mount_nightmare_steed>","Safe","DEV SYSTEM REQUIRED","✦ NIGHTMARE STEED · LEGENDARY MOUNT SKIN

Cosmetic skin for your horse: shadow-black hide and crimson eyes. No stat changes.

Purely cosmetic: no stats, no gameplay effect.
Equip it from your in-game wardrobe.

Delivered automatically in-game. Questions? Join our Discord.","IMAGE-PROMPTS.md → COS-020","Enable Tebex gifting"
"COS-021","Cosmetics","Ashen Charger","7.99","Mount Skin","Ashen Charger (Mount Skin)","Epic","Cosmetics system + resource pack models","<GRANT_COSMETIC_COMMAND player={username} id=mount_ashen_charger>","Safe","DEV SYSTEM REQUIRED","✦ ASHEN CHARGER · EPIC MOUNT SKIN

Cosmetic skin for your horse: ash-grey armour plates with ember seams. No stat changes.

Purely cosmetic: no stats, no gameplay effect.
Equip it from your in-game wardrobe.

Delivered automatically in-game. Questions? Join our Discord.","IMAGE-PROMPTS.md → COS-021","Enable Tebex gifting"
"COS-022","Cosmetics","Bloodmoon Blade","7.99","Weapon Skin","Bloodmoon Blade (Weapon Skin)","Epic","Cosmetics system + resource pack models","<GRANT_COSMETIC_COMMAND player={username} id=weapon_bloodmoon_blade>","Safe","DEV SYSTEM REQUIRED","✦ BLOODMOON BLADE · EPIC WEAPON SKIN

Cosmetic sword skin: a crescent blade glowing blood-red. No stat changes.

Purely cosmetic: no stats, no gameplay effect.
Equip it from your in-game wardrobe.

Delivered automatically in-game. Questions? Join our Discord.","IMAGE-PROMPTS.md → COS-022","Enable Tebex gifting"
"COS-023","Cosmetics","Abyssal Scythe","12.99","Weapon Skin","Abyssal Scythe (Weapon Skin)","Legendary","Cosmetics system + resource pack models","<GRANT_COSMETIC_COMMAND player={username} id=weapon_abyssal_scythe>","Safe","DEV SYSTEM REQUIRED","✦ ABYSSAL SCYTHE · LEGENDARY WEAPON SKIN

Cosmetic skin: a void-black scythe silhouette. No stat changes.

Purely cosmetic: no stats, no gameplay effect.
Equip it from your in-game wardrobe.

Delivered automatically in-game. Questions? Join our Discord.","IMAGE-PROMPTS.md → COS-023","Enable Tebex gifting"
"COS-024","Cosmetics","Throne Edge","19.99","Weapon Skin","Throne Edge (Weapon Skin)","Mythic","Cosmetics system + resource pack models","<GRANT_COSMETIC_COMMAND player={username} id=weapon_throne_edge>","Safe","DEV SYSTEM REQUIRED","✦ THRONE EDGE · MYTHIC WEAPON SKIN

Cosmetic sword skin forged from a throne shard. No stat changes.

Purely cosmetic: no stats, no gameplay effect.
Equip it from your in-game wardrobe.

Delivered automatically in-game. Questions? Join our Discord.","IMAGE-PROMPTS.md → COS-024","Enable Tebex gifting"
"COS-025","Cosmetics","Dreadforge Plate","12.99","Armour Skin","Dreadforge Plate (Armour Skin)","Legendary","Cosmetics system + resource pack models","<GRANT_COSMETIC_COMMAND player={username} id=armour_dreadforge_plate>","Safe","DEV SYSTEM REQUIRED","✦ DREADFORGE PLATE · LEGENDARY ARMOUR SKIN

Cosmetic armour skin set with riveted black steel and molten seams. No stat changes.

Purely cosmetic: no stats, no gameplay effect.
Equip it from your in-game wardrobe.

Delivered automatically in-game. Questions? Join our Discord.","IMAGE-PROMPTS.md → COS-025","Enable Tebex gifting"
"COS-026","Cosmetics","Crimson Warden","7.99","Armour Skin","Crimson Warden (Armour Skin)","Epic","Cosmetics system + resource pack models","<GRANT_COSMETIC_COMMAND player={username} id=armour_crimson_warden>","Safe","DEV SYSTEM REQUIRED","✦ CRIMSON WARDEN · EPIC ARMOUR SKIN

Cosmetic armour skin set in lacquered crimson and dark gold. No stat changes.

Purely cosmetic: no stats, no gameplay effect.
Equip it from your in-game wardrobe.

Delivered automatically in-game. Questions? Join our Discord.","IMAGE-PROMPTS.md → COS-026","Enable Tebex gifting"
"COS-027","Cosmetics","Kneel Before the Throne","4.99","Emote","Kneel Before the Throne (Emote)","Rare","Cosmetics system","<GRANT_COSMETIC_COMMAND player={username} id=emote_kneel>","Safe","DEV SYSTEM REQUIRED","✦ KNEEL BEFORE THE THRONE · RARE EMOTE

Kneel, head bowed, as a faint crown glows above you.

Purely cosmetic: no stats, no gameplay effect.
Equip it from your in-game wardrobe.

Delivered automatically in-game. Questions? Join our Discord.","IMAGE-PROMPTS.md → COS-027","Enable Tebex gifting"
"COS-028","Cosmetics","Blade Salute","2.99","Emote","Blade Salute (Emote)","Common","Cosmetics system","<GRANT_COSMETIC_COMMAND player={username} id=emote_blade_salute>","Safe","DEV SYSTEM REQUIRED","✦ BLADE SALUTE · COMMON EMOTE

Raise your blade in a knight's salute.

Purely cosmetic: no stats, no gameplay effect.
Equip it from your in-game wardrobe.

Delivered automatically in-game. Questions? Join our Discord.","IMAGE-PROMPTS.md → COS-028","Enable Tebex gifting"
"COS-029","Cosmetics","Crimson Arrival","7.99","Spawn Effect","Crimson Arrival (Spawn Effect)","Epic","Cosmetics system","<GRANT_COSMETIC_COMMAND player={username} id=spawn_crimson_arrival>","Safe","DEV SYSTEM REQUIRED","✦ CRIMSON ARRIVAL · EPIC SPAWN EFFECT

You arrive in a burst of crimson light and falling embers.

Purely cosmetic: no stats, no gameplay effect.
Equip it from your in-game wardrobe.

Delivered automatically in-game. Questions? Join our Discord.","IMAGE-PROMPTS.md → COS-029","Enable Tebex gifting"
"COS-030","Cosmetics","Blood Rift","7.99","Teleport Effect","Blood Rift (Teleport Effect)","Epic","Cosmetics system","<GRANT_COSMETIC_COMMAND player={username} id=tp_blood_rift>","Safe","DEV SYSTEM REQUIRED","✦ BLOOD RIFT · EPIC TELEPORT EFFECT

Teleports tear a crimson rift in the air.

Purely cosmetic: no stats, no gameplay effect.
Equip it from your in-game wardrobe.

Delivered automatically in-game. Questions? Join our Discord.","IMAGE-PROMPTS.md → COS-030","Enable Tebex gifting"
"COS-031","Cosmetics","Shadow Step","4.99","Teleport Effect","Shadow Step (Teleport Effect)","Rare","Cosmetics system","<GRANT_COSMETIC_COMMAND player={username} id=tp_shadow_step>","Safe","DEV SYSTEM REQUIRED","✦ SHADOW STEP · RARE TELEPORT EFFECT

You vanish in a puff of black smoke.

Purely cosmetic: no stats, no gameplay effect.
Equip it from your in-game wardrobe.

Delivered automatically in-game. Questions? Join our Discord.","IMAGE-PROMPTS.md → COS-031","Enable Tebex gifting"
"COS-032","Cosmetics","Crimson Gradient","7.99","Chat Effect","Crimson Gradient (Chat Effect)","Epic","Cosmetics system","<GRANT_COSMETIC_COMMAND player={username} id=chat_crimson_gradient>","Safe","DEV SYSTEM REQUIRED","✦ CRIMSON GRADIENT · EPIC CHAT EFFECT

Your chat messages fade from crimson to dark red.

Purely cosmetic: no stats, no gameplay effect.
Equip it from your in-game wardrobe.

Delivered automatically in-game. Questions? Join our Discord.","IMAGE-PROMPTS.md → COS-032","Enable Tebex gifting"
"COS-033","Cosmetics","Gilded Name Shimmer","12.99","Chat Effect","Gilded Name Shimmer (Chat Effect)","Legendary","Cosmetics system","<GRANT_COSMETIC_COMMAND player={username} id=chat_gilded_shimmer>","Safe","DEV SYSTEM REQUIRED","✦ GILDED NAME SHIMMER · LEGENDARY CHAT EFFECT

Your name shimmers in dark gold in chat.

Purely cosmetic: no stats, no gameplay effect.
Equip it from your in-game wardrobe.

Delivered automatically in-game. Questions? Join our Discord.","IMAGE-PROMPTS.md → COS-033","Enable Tebex gifting"
"PET-001","Pets","Ember Wisp","4.99","Pet","Ember Wisp (Pet)","Rare","Cosmetic pet system","<GRANT_COSMETIC_COMMAND player={username} id=pet_ember_wisp>","Safe","DEV SYSTEM REQUIRED","✦ EMBER WISP · RARE PET

A tiny floating ember spirit that follows you around.

Purely cosmetic: no stats, no gameplay effect.
Equip it from your in-game wardrobe.

Delivered automatically in-game. Questions? Join our Discord.","IMAGE-PROMPTS.md → PET-001","Enable Tebex gifting"
"PET-002","Pets","Obsidian Raven","7.99","Pet","Obsidian Raven (Pet)","Epic","Cosmetic pet system","<GRANT_COSMETIC_COMMAND player={username} id=pet_obsidian_raven>","Safe","DEV SYSTEM REQUIRED","✦ OBSIDIAN RAVEN · EPIC PET

A glass-black raven that perches near your shoulder.

Purely cosmetic: no stats, no gameplay effect.
Equip it from your in-game wardrobe.

Delivered automatically in-game. Questions? Join our Discord.","IMAGE-PROMPTS.md → PET-002","Enable Tebex gifting"
"PET-003","Pets","Mini Gate Golem","12.99","Pet","Mini Gate Golem (Pet)","Legendary","Cosmetic pet system","<GRANT_COSMETIC_COMMAND player={username} id=pet_gate_golem>","Safe","DEV SYSTEM REQUIRED","✦ MINI GATE GOLEM · LEGENDARY PET

A pocket-sized stone golem carved from a Gate's keystone.

Purely cosmetic: no stats, no gameplay effect.
Equip it from your in-game wardrobe.

Delivered automatically in-game. Questions? Join our Discord.","IMAGE-PROMPTS.md → PET-003","Enable Tebex gifting"
"PET-004","Pets","Crimson Fox Spirit","7.99","Pet","Crimson Fox Spirit (Pet)","Epic","Cosmetic pet system","<GRANT_COSMETIC_COMMAND player={username} id=pet_crimson_fox>","Safe","DEV SYSTEM REQUIRED","✦ CRIMSON FOX SPIRIT · EPIC PET

A spectral fox wreathed in crimson flame.

Purely cosmetic: no stats, no gameplay effect.
Equip it from your in-game wardrobe.

Delivered automatically in-game. Questions? Join our Discord.","IMAGE-PROMPTS.md → PET-004","Enable Tebex gifting"
"PET-005","Pets","Void Hatchling","19.99","Pet","Void Hatchling (Pet)","Mythic","Cosmetic pet system","<GRANT_COSMETIC_COMMAND player={username} id=pet_void_hatchling>","Safe","DEV SYSTEM REQUIRED","✦ VOID HATCHLING · MYTHIC PET

A baby void drake that curls around you. Purely cosmetic.

Purely cosmetic: no stats, no gameplay effect.
Equip it from your in-game wardrobe.

Delivered automatically in-game. Questions? Join our Discord.","IMAGE-PROMPTS.md → PET-005","Enable Tebex gifting"
"BND-001","Bundles","Hunter's Oath","21.99","Bundle","5× Ember Key; 2× Bloodmoon Key; 2,500 Throne Shards; Crimson Hunter (Title); Ember Wake (Trail)","Rare","Ranks / crates / shards / cosmetics","<GIVE_CRATE_KEY_COMMAND player={username} crate=ember amount=5> + <GIVE_CRATE_KEY_COMMAND player={username} crate=bloodmoon amount=2> + <GIVE_SHARDS_COMMAND player={username} amount=2500> + <GRANT_COSMETIC_COMMAND player={username} id=title_crimson_hunter> + <GRANT_COSMETIC_COMMAND player={username} id=trail_ember_wake>","Safe","DEV SYSTEM REQUIRED","📦 HUNTER'S OATH

Swear the oath. Start strong with keys, shards and your first title.

CONTAINS:
• 5× Ember Key
• 2× Bloodmoon Key
• 2,500 Throne Shards
• Crimson Hunter (Title)
• Ember Wake (Trail)

Worth A$35.39: save 38%.

Delivered automatically in-game. Questions? Join our Discord.","IMAGE-PROMPTS.md → BND-001","Enable Tebex gifting"
"BND-002","Bundles","Gatebreaker's Cache","38.99","Bundle","5× Abyssal Key; 5,000 Throne Shards; Gatebreaker (Title); Blood Rift (Teleport Effect)","Epic","Ranks / crates / shards / cosmetics","<GIVE_CRATE_KEY_COMMAND player={username} crate=abyssal amount=5> + <GIVE_SHARDS_COMMAND player={username} amount=5000> + <GRANT_COSMETIC_COMMAND player={username} id=title_gatebreaker> + <GRANT_COSMETIC_COMMAND player={username} id=tp_blood_rift>","Safe","DEV SYSTEM REQUIRED","📦 GATEBREAKER'S CACHE

For those who break Gates open: Abyssal keys, a Gatebreaker title and a rift teleport.

CONTAINS:
• 5× Abyssal Key
• 5,000 Throne Shards
• Gatebreaker (Title)
• Blood Rift (Teleport Effect)

Worth A$62.88: save 38%.

Delivered automatically in-game. Questions? Join our Discord.","IMAGE-PROMPTS.md → BND-002","Enable Tebex gifting"
"BND-003","Bundles","Bloodmoon Covenant","45.99","Bundle","10× Bloodmoon Key; 5,000 Throne Shards; Bloodstep (Trail); Bloodmoon Blade (Weapon Skin)","Epic","Ranks / crates / shards / cosmetics","<GIVE_CRATE_KEY_COMMAND player={username} crate=bloodmoon amount=10> + <GIVE_SHARDS_COMMAND player={username} amount=5000> + <GRANT_COSMETIC_COMMAND player={username} id=trail_bloodstep> + <GRANT_COSMETIC_COMMAND player={username} id=weapon_bloodmoon_blade>","Safe","DEV SYSTEM REQUIRED","📦 BLOODMOON COVENANT

Everything under the red moon: Bloodmoon keys, the Bloodstep trail and the Bloodmoon Blade.

CONTAINS:
• 10× Bloodmoon Key
• 5,000 Throne Shards
• Bloodstep (Trail)
• Bloodmoon Blade (Weapon Skin)

Worth A$72.83: save 37%.

Delivered automatically in-game. Questions? Join our Discord.","IMAGE-PROMPTS.md → BND-003","Enable Tebex gifting"
"BND-004","Bundles","Abyss Walker","74.99","Bundle","10× Abyssal Key; 7,500 Throne Shards; Abyssal Scythe (Weapon Skin); Abyssal Flame (Aura)","Legendary","Ranks / crates / shards / cosmetics","<GIVE_CRATE_KEY_COMMAND player={username} crate=abyssal amount=10> + <GIVE_SHARDS_COMMAND player={username} amount=7500> + <GRANT_COSMETIC_COMMAND player={username} id=weapon_abyssal_scythe> + <GRANT_COSMETIC_COMMAND player={username} id=aura_abyssal_flame>","Safe","DEV SYSTEM REQUIRED","📦 ABYSS WALKER

Walk where light forgets itself: Abyssal keys, the Abyssal Scythe and the Abyssal Flame aura.

CONTAINS:
• 10× Abyssal Key
• 7,500 Throne Shards
• Abyssal Scythe (Weapon Skin)
• Abyssal Flame (Aura)

Worth A$120.31: save 38%.

Delivered automatically in-game. Questions? Join our Discord.","IMAGE-PROMPTS.md → BND-004","Enable Tebex gifting"
"BND-005","Bundles","Dreadforge Arsenal","79.99","Bundle","10× Dreadforge Key; 7,500 Throne Shards; Dreadforge Plate (Armour Skin); Ashen Charger (Mount Skin)","Legendary","Ranks / crates / shards / cosmetics","<GIVE_CRATE_KEY_COMMAND player={username} crate=dreadforge amount=10> + <GIVE_SHARDS_COMMAND player={username} amount=7500> + <GRANT_COSMETIC_COMMAND player={username} id=armour_dreadforge_plate> + <GRANT_COSMETIC_COMMAND player={username} id=mount_ashen_charger>","Safe","DEV SYSTEM REQUIRED","📦 DREADFORGE ARSENAL

Forged beneath Netherfall: Dreadforge keys and the full Dreadforge Plate skin set.

CONTAINS:
• 10× Dreadforge Key
• 7,500 Throne Shards
• Dreadforge Plate (Armour Skin)
• Ashen Charger (Mount Skin)

Worth A$128.31: save 38%.

Delivered automatically in-game. Questions? Join our Discord.","IMAGE-PROMPTS.md → BND-005","Enable Tebex gifting"
"BND-006","Bundles","Regalia Trove","108.99","Bundle","10× Regalia Key; 10,000 Throne Shards; Gilded Name Shimmer (Chat Effect); Obsidian Crown (Aura)","Legendary","Ranks / crates / shards / cosmetics","<GIVE_CRATE_KEY_COMMAND player={username} crate=regalia amount=10> + <GIVE_SHARDS_COMMAND player={username} amount=10000> + <GRANT_COSMETIC_COMMAND player={username} id=chat_gilded_shimmer> + <GRANT_COSMETIC_COMMAND player={username} id=aura_obsidian_crown>","Safe","DEV SYSTEM REQUIRED","📦 REGALIA TROVE

Royal treasure: Regalia keys, a Gilded Name Shimmer and the Obsidian Crown aura.

CONTAINS:
• 10× Regalia Key
• 10,000 Throne Shards
• Gilded Name Shimmer (Chat Effect)
• Obsidian Crown (Aura)

Worth A$175.78: save 38%.

Delivered automatically in-game. Questions? Join our Discord.","IMAGE-PROMPTS.md → BND-006","Enable Tebex gifting"
"BND-007","Bundles","Crimson Court","41.99","Bundle","5× Bloodmoon Key; 5,000 Throne Shards; Crimson Warden (Armour Skin); Crimson Halo (Aura); Crimson Gradient (Chat Effect)","Epic","Ranks / crates / shards / cosmetics","<GIVE_CRATE_KEY_COMMAND player={username} crate=bloodmoon amount=5> + <GIVE_SHARDS_COMMAND player={username} amount=5000> + <GRANT_COSMETIC_COMMAND player={username} id=armour_crimson_warden> + <GRANT_COSMETIC_COMMAND player={username} id=aura_crimson_halo> + <GRANT_COSMETIC_COMMAND player={username} id=chat_crimson_gradient>","Safe","DEV SYSTEM REQUIRED","📦 CRIMSON COURT

Dress for court: Crimson Warden armour skin, Crimson Halo and Crimson Gradient chat.

CONTAINS:
• 5× Bloodmoon Key
• 5,000 Throne Shards
• Crimson Warden (Armour Skin)
• Crimson Halo (Aura)
• Crimson Gradient (Chat Effect)

Worth A$66.37: save 37%.

Delivered automatically in-game. Questions? Join our Discord.","IMAGE-PROMPTS.md → BND-007","Enable Tebex gifting"
"BND-008","Bundles","Ashen Legion","44.99","Bundle","10× Ember Key; 5× Bloodmoon Key; 3,000 Throne Shards; Ashen Collapse (Death Effect); Blade Salute (Emote); Ashborn (Title)","Epic","Ranks / crates / shards / cosmetics","<GIVE_CRATE_KEY_COMMAND player={username} crate=ember amount=10> + <GIVE_CRATE_KEY_COMMAND player={username} crate=bloodmoon amount=5> + <GIVE_SHARDS_COMMAND player={username} amount=3000> + <GRANT_COSMETIC_COMMAND player={username} id=death_ashen_collapse> + <GRANT_COSMETIC_COMMAND player={username} id=emote_blade_salute> + <GRANT_COSMETIC_COMMAND player={username} id=title_ashborn>","Safe","DEV SYSTEM REQUIRED","📦 ASHEN LEGION

A party pack: 10 Ember Keys for you plus effects to show off with your guild.

CONTAINS:
• 10× Ember Key
• 5× Bloodmoon Key
• 3,000 Throne Shards
• Ashen Collapse (Death Effect)
• Blade Salute (Emote)
• Ashborn (Title)

Worth A$71.29: save 37%.

Delivered automatically in-game. Questions? Join our Discord.","IMAGE-PROMPTS.md → BND-008","Enable Tebex gifting"
"BND-009","Bundles","Apex Predator","156.99","Bundle","5× Throne Key; 5× Regalia Key; 15,000 Throne Shards; Throne Edge (Weapon Skin); Nightmare Steed (Mount Skin); Void Hatchling (Pet)","Mythic","Ranks / crates / shards / cosmetics","<GIVE_CRATE_KEY_COMMAND player={username} crate=throne amount=5> + <GIVE_CRATE_KEY_COMMAND player={username} crate=regalia amount=5> + <GIVE_SHARDS_COMMAND player={username} amount=15000> + <GRANT_COSMETIC_COMMAND player={username} id=weapon_throne_edge> + <GRANT_COSMETIC_COMMAND player={username} id=mount_nightmare_steed> + <GRANT_COSMETIC_COMMAND player={username} id=pet_void_hatchling>","Safe","DEV SYSTEM REQUIRED","📦 APEX PREDATOR

Endgame collection: Throne keys, Throne Edge, Nightmare Steed and the Void Hatchling.

CONTAINS:
• 5× Throne Key
• 5× Regalia Key
• 15,000 Throne Shards
• Throne Edge (Weapon Skin)
• Nightmare Steed (Mount Skin)
• Void Hatchling (Pet)

Worth A$252.72: save 38%.

Delivered automatically in-game. Questions? Join our Discord.","IMAGE-PROMPTS.md → BND-009","Enable Tebex gifting"
"BND-010","Bundles","The Overthrone","362.99","Bundle","Overlord rank; 10× Throne Key; 10× Regalia Key; 25,000 Throne Shards; Abyssal Flame (Aura); Throne Edge (Weapon Skin); Void Hatchling (Pet)","Mythic","Ranks / crates / shards / cosmetics","<SET_RANK_COMMAND player={username} rank=overlord> + <GIVE_CRATE_KEY_COMMAND player={username} crate=throne amount=10> + <GIVE_CRATE_KEY_COMMAND player={username} crate=regalia amount=10> + <GIVE_SHARDS_COMMAND player={username} amount=25000> + <GRANT_COSMETIC_COMMAND player={username} id=aura_abyssal_flame> + <GRANT_COSMETIC_COMMAND player={username} id=weapon_throne_edge> + <GRANT_COSMETIC_COMMAND player={username} id=pet_void_hatchling>","Borderline (includes a rank)","DEV SYSTEM REQUIRED","📦 THE OVERTHRONE

The ultimate package: the Overlord rank plus a mountain of keys, shards and Mythic cosmetics.

CONTAINS:
• Overlord rank
• 10× Throne Key
• 10× Regalia Key
• 25,000 Throne Shards
• Abyssal Flame (Aura)
• Throne Edge (Weapon Skin)
• Void Hatchling (Pet)

Worth A$584.51: save 38%.

Delivered automatically in-game. Questions? Join our Discord.","IMAGE-PROMPTS.md → BND-010","Enable Tebex gifting"
"BND-011","Bundles","Collector's Ascension","142.99","Bundle","Overlord rank; 5× Dreadforge Key; 7,500 Throne Shards; Obsidian Raven (Pet)","Legendary","Ranks / crates / shards / cosmetics","<SET_RANK_COMMAND player={username} rank=overlord> + <GIVE_CRATE_KEY_COMMAND player={username} crate=dreadforge amount=5> + <GIVE_SHARDS_COMMAND player={username} amount=7500> + <GRANT_COSMETIC_COMMAND player={username} id=pet_obsidian_raven>","Borderline (includes a rank)","DEV SYSTEM REQUIRED","📦 COLLECTOR'S ASCENSION

Rank up and collect: the Overlord rank with extra Dreadforge keys and shards.

CONTAINS:
• Overlord rank
• 5× Dreadforge Key
• 7,500 Throne Shards
• Obsidian Raven (Pet)

Worth A$230.36: save 38%.

Delivered automatically in-game. Questions? Join our Discord.","IMAGE-PROMPTS.md → BND-011","Enable Tebex gifting"
"BND-012","Bundles","Champion's Rise","60.99","Bundle","Champion rank; 5× Abyssal Key; 3,000 Throne Shards; Throne Shatter (Kill Effect)","Epic","Ranks / crates / shards / cosmetics","<SET_RANK_COMMAND player={username} rank=champion> + <GIVE_CRATE_KEY_COMMAND player={username} crate=abyssal amount=5> + <GIVE_SHARDS_COMMAND player={username} amount=3000> + <GRANT_COSMETIC_COMMAND player={username} id=kill_throne_shatter>","Borderline (includes a rank)","DEV SYSTEM REQUIRED","📦 CHAMPION'S RISE

Rank up: the Champion rank with Abyssal keys and the Throne Shatter kill effect.

CONTAINS:
• Champion rank
• 5× Abyssal Key
• 3,000 Throne Shards
• Throne Shatter (Kill Effect)

Worth A$97.90: save 38%.

Delivered automatically in-game. Questions? Join our Discord.","IMAGE-PROMPTS.md → BND-012","Enable Tebex gifting"
"FEAT-001","Featured","Crimson Eclipse Aura (Limited)","14.99","Featured (Monthly rotation)","A limited aura: a crimson eclipse forms a halo behind you. Leaves the store when the rotation ends.","Mythic","Cosmetics system","<GRANT_COSMETIC_COMMAND player={username} id=aura_crimson_eclipse_limited>","Safe","DEV SYSTEM REQUIRED · enable only while featured","★ CRIMSON ECLIPSE AURA (LIMITED)

A limited aura: a crimson eclipse forms a halo behind you. Leaves the store when the rotation ends.

Availability: Monthly rotation.

Delivered automatically in-game. Questions? Join our Discord.","IMAGE-PROMPTS.md → FEAT-001","Enable Tebex gifting"
"FEAT-002","Featured","Founder's Crown Title","9.99","Featured (Launch month only)","Title “Founder”, available only during the server's launch month. Never returns.","Legendary","Cosmetics system","<GRANT_COSMETIC_COMMAND player={username} id=title_founder>","Safe","DEV SYSTEM REQUIRED · enable only while featured","★ FOUNDER'S CROWN TITLE

Title “Founder”, available only during the server's launch month. Never returns.

Availability: Launch month only.

Delivered automatically in-game. Questions? Join our Discord.","IMAGE-PROMPTS.md → FEAT-002","Enable Tebex gifting"
"FEAT-003","Featured","Weekend Throne Rush","39.99","Featured (Selected weekends)","3 Throne Keys and 3 Regalia Keys at a weekend price.","Legendary","Crate system","<GIVE_CRATE_KEY_COMMAND player={username} crate=throne amount=3> + <GIVE_CRATE_KEY_COMMAND player={username} crate=regalia amount=3>","Safe","DEV SYSTEM REQUIRED · enable only while featured","★ WEEKEND THRONE RUSH

3 Throne Keys and 3 Regalia Keys at a weekend price.

Availability: Selected weekends.

Delivered automatically in-game. Questions? Join our Discord.","IMAGE-PROMPTS.md → FEAT-003","Enable Tebex gifting"
"FEAT-004","Featured","Monthly Relic Box","12.99","Featured (Changes monthly)","One cosmetic relic chosen for the month, plus 1,000 Throne Shards. The month's relic is listed in the description.","Epic","Throne Shards, Cosmetics system","<GRANT_COSMETIC_COMMAND player={username} id=monthly_relic> + <GIVE_SHARDS_COMMAND player={username} amount=1000>","Safe","DEV SYSTEM REQUIRED · enable only while featured","★ MONTHLY RELIC BOX

One cosmetic relic chosen for the month, plus 1,000 Throne Shards. The month's relic is listed in the description.

Availability: Changes monthly.

Delivered automatically in-game. Questions? Join our Discord.","IMAGE-PROMPTS.md → FEAT-004","Enable Tebex gifting"
"FEAT-005","Featured","Throne of Ash Set","24.99","Featured (Rotation)","Ashborn title, Ashen Collapse death effect and Falling Ash particles in one set.","Legendary","Cosmetics system","<GRANT_COSMETIC_COMMAND player={username} id=title_ashborn> + <GRANT_COSMETIC_COMMAND player={username} id=death_ashen_collapse> + <GRANT_COSMETIC_COMMAND player={username} id=particle_falling_ash>","Safe","DEV SYSTEM REQUIRED · enable only while featured","★ THRONE OF ASH SET

Ashborn title, Ashen Collapse death effect and Falling Ash particles in one set.

Availability: Rotation.

Delivered automatically in-game. Questions? Join our Discord.","IMAGE-PROMPTS.md → FEAT-005","Enable Tebex gifting"
"FEAT-006","Featured","Gatekeeper's Sigil Set","17.99","Featured (Rotation)","Crimson Sigil tag, Orbiting Runes and the Shadow Step teleport effect.","Epic","Cosmetics system","<GRANT_COSMETIC_COMMAND player={username} id=tag_crimson_sigil> + <GRANT_COSMETIC_COMMAND player={username} id=particle_orbiting_runes> + <GRANT_COSMETIC_COMMAND player={username} id=tp_shadow_step>","Safe","DEV SYSTEM REQUIRED · enable only while featured","★ GATEKEEPER'S SIGIL SET

Crimson Sigil tag, Orbiting Runes and the Shadow Step teleport effect.

Availability: Rotation.

Delivered automatically in-game. Questions? Join our Discord.","IMAGE-PROMPTS.md → FEAT-006","Enable Tebex gifting"
"FEAT-007","Featured","Double Shard Weekend: Coffer","22.99","Featured (Double Shard weekends)","5,000 Throne Shards + 5,000 bonus shards during Double Shard weekends.","Rare","Throne Shards","<GIVE_SHARDS_COMMAND player={username} amount=10000>","Safe","DEV SYSTEM REQUIRED · enable only while featured","★ DOUBLE SHARD WEEKEND: COFFER

5,000 Throne Shards + 5,000 bonus shards during Double Shard weekends.

Availability: Double Shard weekends.

Delivered automatically in-game. Questions? Join our Discord.","IMAGE-PROMPTS.md → FEAT-007","Enable Tebex gifting"
"FEAT-008","Featured","Crimson Fox Companion","9.99","Featured (Rotation)","Spotlight price on the Crimson Fox Spirit pet.","Epic","Cosmetics system","<GRANT_COSMETIC_COMMAND player={username} id=pet_crimson_fox>","Safe","DEV SYSTEM REQUIRED · enable only while featured","★ CRIMSON FOX COMPANION

Spotlight price on the Crimson Fox Spirit pet.

Availability: Rotation.

Delivered automatically in-game. Questions? Join our Discord.","IMAGE-PROMPTS.md → FEAT-008","Enable Tebex gifting"
"FEAT-009","Featured","Bloodmoon Hunt Pass","19.99","Featured (Bloodmoon nights)","5 Bloodmoon Keys and the Bloodmoon Eclipse kill effect.","Epic","Crate system, Cosmetics system","<GIVE_CRATE_KEY_COMMAND player={username} crate=bloodmoon amount=5> + <GRANT_COSMETIC_COMMAND player={username} id=kill_bloodmoon_eclipse>","Safe","DEV SYSTEM REQUIRED · enable only while featured","★ BLOODMOON HUNT PASS

5 Bloodmoon Keys and the Bloodmoon Eclipse kill effect.

Availability: Bloodmoon nights.

Delivered automatically in-game. Questions? Join our Discord.","IMAGE-PROMPTS.md → FEAT-009","Enable Tebex gifting"
"FEAT-010","Featured","Obsidian Monarch Set","34.99","Featured (Rotation)","Obsidian Crown aura, Black Crown tag and Obsidian Raven pet.","Legendary","Cosmetics system","<GRANT_COSMETIC_COMMAND player={username} id=aura_obsidian_crown> + <GRANT_COSMETIC_COMMAND player={username} id=tag_black_crown> + <GRANT_COSMETIC_COMMAND player={username} id=pet_obsidian_raven>","Safe","DEV SYSTEM REQUIRED · enable only while featured","★ OBSIDIAN MONARCH SET

Obsidian Crown aura, Black Crown tag and Obsidian Raven pet.

Availability: Rotation.

Delivered automatically in-game. Questions? Join our Discord.","IMAGE-PROMPTS.md → FEAT-010","Enable Tebex gifting"
"FEAT-011","Featured","Dreadforge Spotlight Keys","29.99","Featured (Rotation)","5 Dreadforge Keys at a spotlight price.","Epic","Crate system","<GIVE_CRATE_KEY_COMMAND player={username} crate=dreadforge amount=5>","Safe","DEV SYSTEM REQUIRED · enable only while featured","★ DREADFORGE SPOTLIGHT KEYS

5 Dreadforge Keys at a spotlight price.

Availability: Rotation.

Delivered automatically in-game. Questions? Join our Discord.","IMAGE-PROMPTS.md → FEAT-011","Enable Tebex gifting"
"FEAT-012","Featured","Realm Explorer Set (Aeonia)","19.99","Featured (When Aeonia opens)","A divine-themed cosmetic set released with the Aeonia realm.","Epic","Cosmetics system","<GRANT_COSMETIC_COMMAND player={username} id=set_aeonia_explorer>","Safe","DEV SYSTEM REQUIRED · enable only while featured","★ REALM EXPLORER SET (AEONIA)

A divine-themed cosmetic set released with the Aeonia realm.

Availability: When Aeonia opens.

Delivered automatically in-game. Questions? Join our Discord.","IMAGE-PROMPTS.md → FEAT-012","Enable Tebex gifting"
"FEAT-013","Featured","Realm Explorer Set (Netherfall)","19.99","Featured (When Netherfall opens)","An underworld-themed cosmetic set released with the Netherfall realm.","Epic","Cosmetics system","<GRANT_COSMETIC_COMMAND player={username} id=set_netherfall_explorer>","Safe","DEV SYSTEM REQUIRED · enable only while featured","★ REALM EXPLORER SET (NETHERFALL)

An underworld-themed cosmetic set released with the Netherfall realm.

Availability: When Netherfall opens.

Delivered automatically in-game. Questions? Join our Discord.","IMAGE-PROMPTS.md → FEAT-013","Enable Tebex gifting"
"FEAT-014","Featured","Gate Clear Celebration Pack","14.99","Featured (After major Gate updates)","2 Abyssal Keys, 2,500 Throne Shards and the Gatebreaker title.","Rare","Crate system, Throne Shards, Cosmetics system","<GIVE_CRATE_KEY_COMMAND player={username} crate=abyssal amount=2> + <GIVE_SHARDS_COMMAND player={username} amount=2500> + <GRANT_COSMETIC_COMMAND player={username} id=title_gatebreaker>","Safe","DEV SYSTEM REQUIRED · enable only while featured","★ GATE CLEAR CELEBRATION PACK

2 Abyssal Keys, 2,500 Throne Shards and the Gatebreaker title.

Availability: After major Gate updates.

Delivered automatically in-game. Questions? Join our Discord.","IMAGE-PROMPTS.md → FEAT-014","Enable Tebex gifting"
"FEAT-015","Featured","Spotlight: Shattered Crystal Trail","5.99","Featured (Rotation)","Spotlight price on the Shattered Crystal trail.","Epic","Cosmetics system","<GRANT_COSMETIC_COMMAND player={username} id=trail_crystal_shard>","Safe","DEV SYSTEM REQUIRED · enable only while featured","★ SPOTLIGHT: SHATTERED CRYSTAL TRAIL

Spotlight price on the Shattered Crystal trail.

Availability: Rotation.

Delivered automatically in-game. Questions? Join our Discord.","IMAGE-PROMPTS.md → FEAT-015","Enable Tebex gifting"
"BOOST-001","Boosters","Global XP Boost (1 Hour)","4.99","Global booster","+50% vanilla XP for every online player for 1 hour","Common","Global booster system","<START_GLOBAL_BOOST_COMMAND type=xp minutes=60 buyer={username}>","Borderline (global boosts benefit everyone; safest when tied to community goals)","DEV SYSTEM REQUIRED","⏳ GLOBAL XP BOOST · 1 HOUR

+50% vanilla XP for every online player for 1 hour.

GLOBAL: every player online benefits, and your name is announced as the booster.
Boosts of the same type queue up instead of stacking.

Delivered automatically in-game. Questions? Join our Discord.","IMAGE-PROMPTS.md → BOOST-001","Not giftable (global)"
"BOOST-002","Boosters","Global XP Boost (3 Hours)","11.99","Global booster","+50% vanilla XP for every online player for 3 hours","Rare","Global booster system","<START_GLOBAL_BOOST_COMMAND type=xp minutes=180 buyer={username}>","Borderline (global boosts benefit everyone; safest when tied to community goals)","DEV SYSTEM REQUIRED","⏳ GLOBAL XP BOOST · 3 HOURS

+50% vanilla XP for every online player for 3 hours.

GLOBAL: every player online benefits, and your name is announced as the booster.
Boosts of the same type queue up instead of stacking.

Delivered automatically in-game. Questions? Join our Discord.","IMAGE-PROMPTS.md → BOOST-002","Not giftable (global)"
"BOOST-003","Boosters","Global XP Boost (6 Hours)","19.99","Global booster","+50% vanilla XP for every online player for 6 hours","Epic","Global booster system","<START_GLOBAL_BOOST_COMMAND type=xp minutes=360 buyer={username}>","Borderline (global boosts benefit everyone; safest when tied to community goals)","DEV SYSTEM REQUIRED","⏳ GLOBAL XP BOOST · 6 HOURS

+50% vanilla XP for every online player for 6 hours.

GLOBAL: every player online benefits, and your name is announced as the booster.
Boosts of the same type queue up instead of stacking.

Delivered automatically in-game. Questions? Join our Discord.","IMAGE-PROMPTS.md → BOOST-003","Not giftable (global)"
"BOOST-004","Boosters","Global XP Boost (24 Hours)","59.99","Global booster","+50% vanilla XP for every online player for 24 hours","Legendary","Global booster system","<START_GLOBAL_BOOST_COMMAND type=xp minutes=1440 buyer={username}>","Borderline (global boosts benefit everyone; safest when tied to community goals)","DEV SYSTEM REQUIRED","⏳ GLOBAL XP BOOST · 24 HOURS

+50% vanilla XP for every online player for 24 hours.

GLOBAL: every player online benefits, and your name is announced as the booster.
Boosts of the same type queue up instead of stacking.

Delivered automatically in-game. Questions? Join our Discord.","IMAGE-PROMPTS.md → BOOST-004","Not giftable (global)"
"BOOST-005","Boosters","Global Currency Boost (1 Hour)","4.99","Global booster","+25% in-game currency earned by every online player for 1 hour","Common","Global booster system","<START_GLOBAL_BOOST_COMMAND type=currency minutes=60 buyer={username}>","Borderline (global boosts benefit everyone; safest when tied to community goals)","DEV SYSTEM REQUIRED","⏳ GLOBAL CURRENCY BOOST · 1 HOUR

+25% in-game currency earned by every online player for 1 hour.

GLOBAL: every player online benefits, and your name is announced as the booster.
Boosts of the same type queue up instead of stacking.

Delivered automatically in-game. Questions? Join our Discord.","IMAGE-PROMPTS.md → BOOST-005","Not giftable (global)"
"BOOST-006","Boosters","Global Currency Boost (3 Hours)","11.99","Global booster","+25% in-game currency earned by every online player for 3 hours","Rare","Global booster system","<START_GLOBAL_BOOST_COMMAND type=currency minutes=180 buyer={username}>","Borderline (global boosts benefit everyone; safest when tied to community goals)","DEV SYSTEM REQUIRED","⏳ GLOBAL CURRENCY BOOST · 3 HOURS

+25% in-game currency earned by every online player for 3 hours.

GLOBAL: every player online benefits, and your name is announced as the booster.
Boosts of the same type queue up instead of stacking.

Delivered automatically in-game. Questions? Join our Discord.","IMAGE-PROMPTS.md → BOOST-006","Not giftable (global)"
"BOOST-007","Boosters","Global Currency Boost (6 Hours)","19.99","Global booster","+25% in-game currency earned by every online player for 6 hours","Epic","Global booster system","<START_GLOBAL_BOOST_COMMAND type=currency minutes=360 buyer={username}>","Borderline (global boosts benefit everyone; safest when tied to community goals)","DEV SYSTEM REQUIRED","⏳ GLOBAL CURRENCY BOOST · 6 HOURS

+25% in-game currency earned by every online player for 6 hours.

GLOBAL: every player online benefits, and your name is announced as the booster.
Boosts of the same type queue up instead of stacking.

Delivered automatically in-game. Questions? Join our Discord.","IMAGE-PROMPTS.md → BOOST-007","Not giftable (global)"
"BOOST-008","Boosters","Global Currency Boost (24 Hours)","59.99","Global booster","+25% in-game currency earned by every online player for 24 hours","Legendary","Global booster system","<START_GLOBAL_BOOST_COMMAND type=currency minutes=1440 buyer={username}>","Borderline (global boosts benefit everyone; safest when tied to community goals)","DEV SYSTEM REQUIRED","⏳ GLOBAL CURRENCY BOOST · 24 HOURS

+25% in-game currency earned by every online player for 24 hours.

GLOBAL: every player online benefits, and your name is announced as the booster.
Boosts of the same type queue up instead of stacking.

Delivered automatically in-game. Questions? Join our Discord.","IMAGE-PROMPTS.md → BOOST-008","Not giftable (global)"
"BOOST-009","Boosters","Global Drop Boost (1 Hour)","4.99","Global booster","+25% mob drops for every online player for 1 hour","Common","Global booster system","<START_GLOBAL_BOOST_COMMAND type=drop minutes=60 buyer={username}>","Borderline (global boosts benefit everyone; safest when tied to community goals)","DEV SYSTEM REQUIRED","⏳ GLOBAL DROP BOOST · 1 HOUR

+25% mob drops for every online player for 1 hour.

GLOBAL: every player online benefits, and your name is announced as the booster.
Boosts of the same type queue up instead of stacking.

Delivered automatically in-game. Questions? Join our Discord.","IMAGE-PROMPTS.md → BOOST-009","Not giftable (global)"
"BOOST-010","Boosters","Global Drop Boost (3 Hours)","11.99","Global booster","+25% mob drops for every online player for 3 hours","Rare","Global booster system","<START_GLOBAL_BOOST_COMMAND type=drop minutes=180 buyer={username}>","Borderline (global boosts benefit everyone; safest when tied to community goals)","DEV SYSTEM REQUIRED","⏳ GLOBAL DROP BOOST · 3 HOURS

+25% mob drops for every online player for 3 hours.

GLOBAL: every player online benefits, and your name is announced as the booster.
Boosts of the same type queue up instead of stacking.

Delivered automatically in-game. Questions? Join our Discord.","IMAGE-PROMPTS.md → BOOST-010","Not giftable (global)"
"BOOST-011","Boosters","Global Drop Boost (6 Hours)","19.99","Global booster","+25% mob drops for every online player for 6 hours","Epic","Global booster system","<START_GLOBAL_BOOST_COMMAND type=drop minutes=360 buyer={username}>","Borderline (global boosts benefit everyone; safest when tied to community goals)","DEV SYSTEM REQUIRED","⏳ GLOBAL DROP BOOST · 6 HOURS

+25% mob drops for every online player for 6 hours.

GLOBAL: every player online benefits, and your name is announced as the booster.
Boosts of the same type queue up instead of stacking.

Delivered automatically in-game. Questions? Join our Discord.","IMAGE-PROMPTS.md → BOOST-011","Not giftable (global)"
"BOOST-012","Boosters","Global Drop Boost (24 Hours)","59.99","Global booster","+25% mob drops for every online player for 24 hours","Legendary","Global booster system","<START_GLOBAL_BOOST_COMMAND type=drop minutes=1440 buyer={username}>","Borderline (global boosts benefit everyone; safest when tied to community goals)","DEV SYSTEM REQUIRED","⏳ GLOBAL DROP BOOST · 24 HOURS

+25% mob drops for every online player for 24 hours.

GLOBAL: every player online benefits, and your name is announced as the booster.
Boosts of the same type queue up instead of stacking.

Delivered automatically in-game. Questions? Join our Discord.","IMAGE-PROMPTS.md → BOOST-012","Not giftable (global)"
"BOOST-013","Boosters","Global Luck Boost (1 Hour)","4.99","Global booster","Higher chance for everyone to find free crate keys from gameplay for 1 hour","Common","Global booster system","<START_GLOBAL_BOOST_COMMAND type=luck minutes=60 buyer={username}>","Borderline (global boosts benefit everyone; safest when tied to community goals)","DEV SYSTEM REQUIRED","⏳ GLOBAL LUCK BOOST · 1 HOUR

Higher chance for everyone to find free crate keys from gameplay for 1 hour.

GLOBAL: every player online benefits, and your name is announced as the booster.
Boosts of the same type queue up instead of stacking.

Delivered automatically in-game. Questions? Join our Discord.","IMAGE-PROMPTS.md → BOOST-013","Not giftable (global)"
"BOOST-014","Boosters","Global Luck Boost (3 Hours)","11.99","Global booster","Higher chance for everyone to find free crate keys from gameplay for 3 hours","Rare","Global booster system","<START_GLOBAL_BOOST_COMMAND type=luck minutes=180 buyer={username}>","Borderline (global boosts benefit everyone; safest when tied to community goals)","DEV SYSTEM REQUIRED","⏳ GLOBAL LUCK BOOST · 3 HOURS

Higher chance for everyone to find free crate keys from gameplay for 3 hours.

GLOBAL: every player online benefits, and your name is announced as the booster.
Boosts of the same type queue up instead of stacking.

Delivered automatically in-game. Questions? Join our Discord.","IMAGE-PROMPTS.md → BOOST-014","Not giftable (global)"
"BOOST-015","Boosters","Global Luck Boost (6 Hours)","19.99","Global booster","Higher chance for everyone to find free crate keys from gameplay for 6 hours","Epic","Global booster system","<START_GLOBAL_BOOST_COMMAND type=luck minutes=360 buyer={username}>","Borderline (global boosts benefit everyone; safest when tied to community goals)","DEV SYSTEM REQUIRED","⏳ GLOBAL LUCK BOOST · 6 HOURS

Higher chance for everyone to find free crate keys from gameplay for 6 hours.

GLOBAL: every player online benefits, and your name is announced as the booster.
Boosts of the same type queue up instead of stacking.

Delivered automatically in-game. Questions? Join our Discord.","IMAGE-PROMPTS.md → BOOST-015","Not giftable (global)"
"BOOST-016","Boosters","Global Luck Boost (24 Hours)","59.99","Global booster","Higher chance for everyone to find free crate keys from gameplay for 24 hours","Legendary","Global booster system","<START_GLOBAL_BOOST_COMMAND type=luck minutes=1440 buyer={username}>","Borderline (global boosts benefit everyone; safest when tied to community goals)","DEV SYSTEM REQUIRED","⏳ GLOBAL LUCK BOOST · 24 HOURS

Higher chance for everyone to find free crate keys from gameplay for 24 hours.

GLOBAL: every player online benefits, and your name is announced as the booster.
Boosts of the same type queue up instead of stacking.

Delivered automatically in-game. Questions? Join our Discord.","IMAGE-PROMPTS.md → BOOST-016","Not giftable (global)"
"BOOST-017","Boosters","Global Hunter XP Boost (1 Hour)","4.99","Global booster","+25% Hunter Progression XP for every online player for 1 hour","Common","Global booster system","<START_GLOBAL_BOOST_COMMAND type=hunter minutes=60 buyer={username}>","Borderline (global boosts benefit everyone; safest when tied to community goals)","DEV SYSTEM REQUIRED","⏳ GLOBAL HUNTER XP BOOST · 1 HOUR

+25% Hunter Progression XP for every online player for 1 hour.

GLOBAL: every player online benefits, and your name is announced as the booster.
Boosts of the same type queue up instead of stacking.

Delivered automatically in-game. Questions? Join our Discord.","IMAGE-PROMPTS.md → BOOST-017","Not giftable (global)"
"BOOST-018","Boosters","Global Hunter XP Boost (3 Hours)","11.99","Global booster","+25% Hunter Progression XP for every online player for 3 hours","Rare","Global booster system","<START_GLOBAL_BOOST_COMMAND type=hunter minutes=180 buyer={username}>","Borderline (global boosts benefit everyone; safest when tied to community goals)","DEV SYSTEM REQUIRED","⏳ GLOBAL HUNTER XP BOOST · 3 HOURS

+25% Hunter Progression XP for every online player for 3 hours.

GLOBAL: every player online benefits, and your name is announced as the booster.
Boosts of the same type queue up instead of stacking.

Delivered automatically in-game. Questions? Join our Discord.","IMAGE-PROMPTS.md → BOOST-018","Not giftable (global)"
"BOOST-019","Boosters","Global Hunter XP Boost (6 Hours)","19.99","Global booster","+25% Hunter Progression XP for every online player for 6 hours","Epic","Global booster system","<START_GLOBAL_BOOST_COMMAND type=hunter minutes=360 buyer={username}>","Borderline (global boosts benefit everyone; safest when tied to community goals)","DEV SYSTEM REQUIRED","⏳ GLOBAL HUNTER XP BOOST · 6 HOURS

+25% Hunter Progression XP for every online player for 6 hours.

GLOBAL: every player online benefits, and your name is announced as the booster.
Boosts of the same type queue up instead of stacking.

Delivered automatically in-game. Questions? Join our Discord.","IMAGE-PROMPTS.md → BOOST-019","Not giftable (global)"
"BOOST-020","Boosters","Global Hunter XP Boost (24 Hours)","59.99","Global booster","+25% Hunter Progression XP for every online player for 24 hours","Legendary","Global booster system","<START_GLOBAL_BOOST_COMMAND type=hunter minutes=1440 buyer={username}>","Borderline (global boosts benefit everyone; safest when tied to community goals)","DEV SYSTEM REQUIRED","⏳ GLOBAL HUNTER XP BOOST · 24 HOURS

+25% Hunter Progression XP for every online player for 24 hours.

GLOBAL: every player online benefits, and your name is announced as the booster.
Boosts of the same type queue up instead of stacking.

Delivered automatically in-game. Questions? Join our Discord.","IMAGE-PROMPTS.md → BOOST-020","Not giftable (global)"
"BOOST-021","Boosters","Global Gate Boost (1 Hour)","4.99","Global booster","+25% Gate and dungeon rewards for every online player for 1 hour","Common","Global booster system","<START_GLOBAL_BOOST_COMMAND type=gate minutes=60 buyer={username}>","Borderline (global boosts benefit everyone; safest when tied to community goals)","DEV SYSTEM REQUIRED","⏳ GLOBAL GATE BOOST · 1 HOUR

+25% Gate and dungeon rewards for every online player for 1 hour.

GLOBAL: every player online benefits, and your name is announced as the booster.
Boosts of the same type queue up instead of stacking.

Delivered automatically in-game. Questions? Join our Discord.","IMAGE-PROMPTS.md → BOOST-021","Not giftable (global)"
"BOOST-022","Boosters","Global Gate Boost (3 Hours)","11.99","Global booster","+25% Gate and dungeon rewards for every online player for 3 hours","Rare","Global booster system","<START_GLOBAL_BOOST_COMMAND type=gate minutes=180 buyer={username}>","Borderline (global boosts benefit everyone; safest when tied to community goals)","DEV SYSTEM REQUIRED","⏳ GLOBAL GATE BOOST · 3 HOURS

+25% Gate and dungeon rewards for every online player for 3 hours.

GLOBAL: every player online benefits, and your name is announced as the booster.
Boosts of the same type queue up instead of stacking.

Delivered automatically in-game. Questions? Join our Discord.","IMAGE-PROMPTS.md → BOOST-022","Not giftable (global)"
"BOOST-023","Boosters","Global Gate Boost (6 Hours)","19.99","Global booster","+25% Gate and dungeon rewards for every online player for 6 hours","Epic","Global booster system","<START_GLOBAL_BOOST_COMMAND type=gate minutes=360 buyer={username}>","Borderline (global boosts benefit everyone; safest when tied to community goals)","DEV SYSTEM REQUIRED","⏳ GLOBAL GATE BOOST · 6 HOURS

+25% Gate and dungeon rewards for every online player for 6 hours.

GLOBAL: every player online benefits, and your name is announced as the booster.
Boosts of the same type queue up instead of stacking.

Delivered automatically in-game. Questions? Join our Discord.","IMAGE-PROMPTS.md → BOOST-023","Not giftable (global)"
"BOOST-024","Boosters","Global Gate Boost (24 Hours)","59.99","Global booster","+25% Gate and dungeon rewards for every online player for 24 hours","Legendary","Global booster system","<START_GLOBAL_BOOST_COMMAND type=gate minutes=1440 buyer={username}>","Borderline (global boosts benefit everyone; safest when tied to community goals)","DEV SYSTEM REQUIRED","⏳ GLOBAL GATE BOOST · 24 HOURS

+25% Gate and dungeon rewards for every online player for 24 hours.

GLOBAL: every player online benefits, and your name is announced as the booster.
Boosts of the same type queue up instead of stacking.

Delivered automatically in-game. Questions? Join our Discord.","IMAGE-PROMPTS.md → BOOST-024","Not giftable (global)"
"BOOST-025","Boosters","Global Party Boost (1 Hour)","4.99","Global booster","+25% bonus for every player in a party or guild for 1 hour","Common","Global booster system","<START_GLOBAL_BOOST_COMMAND type=party minutes=60 buyer={username}>","Borderline (global boosts benefit everyone; safest when tied to community goals)","DEV SYSTEM REQUIRED","⏳ GLOBAL PARTY BOOST · 1 HOUR

+25% bonus for every player in a party or guild for 1 hour.

GLOBAL: every player online benefits, and your name is announced as the booster.
Boosts of the same type queue up instead of stacking.

Delivered automatically in-game. Questions? Join our Discord.","IMAGE-PROMPTS.md → BOOST-025","Not giftable (global)"
"BOOST-026","Boosters","Global Party Boost (3 Hours)","11.99","Global booster","+25% bonus for every player in a party or guild for 3 hours","Rare","Global booster system","<START_GLOBAL_BOOST_COMMAND type=party minutes=180 buyer={username}>","Borderline (global boosts benefit everyone; safest when tied to community goals)","DEV SYSTEM REQUIRED","⏳ GLOBAL PARTY BOOST · 3 HOURS

+25% bonus for every player in a party or guild for 3 hours.

GLOBAL: every player online benefits, and your name is announced as the booster.
Boosts of the same type queue up instead of stacking.

Delivered automatically in-game. Questions? Join our Discord.","IMAGE-PROMPTS.md → BOOST-026","Not giftable (global)"
"BOOST-027","Boosters","Global Party Boost (6 Hours)","19.99","Global booster","+25% bonus for every player in a party or guild for 6 hours","Epic","Global booster system","<START_GLOBAL_BOOST_COMMAND type=party minutes=360 buyer={username}>","Borderline (global boosts benefit everyone; safest when tied to community goals)","DEV SYSTEM REQUIRED","⏳ GLOBAL PARTY BOOST · 6 HOURS

+25% bonus for every player in a party or guild for 6 hours.

GLOBAL: every player online benefits, and your name is announced as the booster.
Boosts of the same type queue up instead of stacking.

Delivered automatically in-game. Questions? Join our Discord.","IMAGE-PROMPTS.md → BOOST-027","Not giftable (global)"
"BOOST-028","Boosters","Global Party Boost (24 Hours)","59.99","Global booster","+25% bonus for every player in a party or guild for 24 hours","Legendary","Global booster system","<START_GLOBAL_BOOST_COMMAND type=party minutes=1440 buyer={username}>","Borderline (global boosts benefit everyone; safest when tied to community goals)","DEV SYSTEM REQUIRED","⏳ GLOBAL PARTY BOOST · 24 HOURS

+25% bonus for every player in a party or guild for 24 hours.

GLOBAL: every player online benefits, and your name is announced as the booster.
Boosts of the same type queue up instead of stacking.

Delivered automatically in-game. Questions? Join our Discord.","IMAGE-PROMPTS.md → BOOST-028","Not giftable (global)"
"START-001","Starter","First Blood","4.99","Starter pack (limit 1 per player)","Your first mark: Crimson Hunter title, 1 Ember Key and 500 Throne Shards.","Starter","Crate system, Throne Shards, Cosmetics system","<GRANT_COSMETIC_COMMAND player={username} id=title_crimson_hunter> + <GIVE_CRATE_KEY_COMMAND player={username} crate=ember amount=1> + <GIVE_SHARDS_COMMAND player={username} amount=500>","Safe","DEV SYSTEM REQUIRED","🛡️ FIRST BLOOD · STARTER

Your first mark: Crimson Hunter title, 1 Ember Key and 500 Throne Shards.

One per player. Welcome to the hunt.

Delivered automatically in-game. Questions? Join our Discord.","IMAGE-PROMPTS.md → START-001","Enable Tebex gifting"
"START-002","Starter","New Hunter's Mark","6.99","Starter pack (limit 1 per player)","Ember Wake trail, Blade Salute emote and 2 Ember Keys.","Starter","Crate system, Cosmetics system","<GRANT_COSMETIC_COMMAND player={username} id=trail_ember_wake> + <GRANT_COSMETIC_COMMAND player={username} id=emote_blade_salute> + <GIVE_CRATE_KEY_COMMAND player={username} crate=ember amount=2>","Safe","DEV SYSTEM REQUIRED","🛡️ NEW HUNTER'S MARK · STARTER

Ember Wake trail, Blade Salute emote and 2 Ember Keys.

One per player. Welcome to the hunt.

Delivered automatically in-game. Questions? Join our Discord.","IMAGE-PROMPTS.md → START-002","Enable Tebex gifting"
"START-003","Starter","Ashen Initiate Cache","7.99","Starter pack (limit 1 per player)","Falling Ash particles, 3 Ember Keys and 1,000 Throne Shards.","Starter","Crate system, Throne Shards, Cosmetics system","<GRANT_COSMETIC_COMMAND player={username} id=particle_falling_ash> + <GIVE_CRATE_KEY_COMMAND player={username} crate=ember amount=3> + <GIVE_SHARDS_COMMAND player={username} amount=1000>","Safe","DEV SYSTEM REQUIRED","🛡️ ASHEN INITIATE CACHE · STARTER

Falling Ash particles, 3 Ember Keys and 1,000 Throne Shards.

One per player. Welcome to the hunt.

Delivered automatically in-game. Questions? Join our Discord.","IMAGE-PROMPTS.md → START-003","Enable Tebex gifting"
"START-004","Starter","Gate Initiate Pack","9.99","Starter pack (limit 1 per player)","1 Abyssal Key, 2 Bloodmoon Keys and the Shadow Step teleport effect.","Starter","Crate system, Cosmetics system","<GIVE_CRATE_KEY_COMMAND player={username} crate=abyssal amount=1> + <GIVE_CRATE_KEY_COMMAND player={username} crate=bloodmoon amount=2> + <GRANT_COSMETIC_COMMAND player={username} id=tp_shadow_step>","Safe","DEV SYSTEM REQUIRED","🛡️ GATE INITIATE PACK · STARTER

1 Abyssal Key, 2 Bloodmoon Keys and the Shadow Step teleport effect.

One per player. Welcome to the hunt.

Delivered automatically in-game. Questions? Join our Discord.","IMAGE-PROMPTS.md → START-004","Enable Tebex gifting"
"START-005","Starter","First Expedition","9.99","Starter pack (limit 1 per player)","Ember Wisp pet and 1,500 Throne Shards for your first journey.","Starter","Throne Shards, Cosmetics system","<GRANT_COSMETIC_COMMAND player={username} id=pet_ember_wisp> + <GIVE_SHARDS_COMMAND player={username} amount=1500>","Safe","DEV SYSTEM REQUIRED","🛡️ FIRST EXPEDITION · STARTER

Ember Wisp pet and 1,500 Throne Shards for your first journey.

One per player. Welcome to the hunt.

Delivered automatically in-game. Questions? Join our Discord.","IMAGE-PROMPTS.md → START-005","Enable Tebex gifting"
"START-006","Starter","Novice Wardrobe","5.99","Starter pack (limit 1 per player)","Crimson Sigil chat tag and Soul Ascension death effect.","Starter","Cosmetics system","<GRANT_COSMETIC_COMMAND player={username} id=tag_crimson_sigil> + <GRANT_COSMETIC_COMMAND player={username} id=death_soul_ascension>","Safe","DEV SYSTEM REQUIRED","🛡️ NOVICE WARDROBE · STARTER

Crimson Sigil chat tag and Soul Ascension death effect.

One per player. Welcome to the hunt.

Delivered automatically in-game. Questions? Join our Discord.","IMAGE-PROMPTS.md → START-006","Enable Tebex gifting"
"START-007","Starter","Hunter's Key Ring","7.99","Starter pack (limit 1 per player)","One key of each of the first three crates: Ember, Bloodmoon and Abyssal.","Starter","Crate system","<GIVE_CRATE_KEY_COMMAND player={username} crate=ember amount=1> + <GIVE_CRATE_KEY_COMMAND player={username} crate=bloodmoon amount=1> + <GIVE_CRATE_KEY_COMMAND player={username} crate=abyssal amount=1>","Safe","DEV SYSTEM REQUIRED","🛡️ HUNTER'S KEY RING · STARTER

One key of each of the first three crates: Ember, Bloodmoon and Abyssal.

One per player. Welcome to the hunt.

Delivered automatically in-game. Questions? Join our Discord.","IMAGE-PROMPTS.md → START-007","Enable Tebex gifting"
"START-008","Starter","Rising Hunter Bundle","14.99","Starter pack (limit 1 per player)","Supporter-tier look without the rank: Crimson Halo aura, Bloodstep trail and 1,500 shards.","Starter","Throne Shards, Cosmetics system","<GRANT_COSMETIC_COMMAND player={username} id=aura_crimson_halo> + <GRANT_COSMETIC_COMMAND player={username} id=trail_bloodstep> + <GIVE_SHARDS_COMMAND player={username} amount=1500>","Safe","DEV SYSTEM REQUIRED","🛡️ RISING HUNTER BUNDLE · STARTER

Supporter-tier look without the rank: Crimson Halo aura, Bloodstep trail and 1,500 shards.

One per player. Welcome to the hunt.

Delivered automatically in-game. Questions? Join our Discord.","IMAGE-PROMPTS.md → START-008","Enable Tebex gifting"
"START-009","Starter","Starter Shard Pouch","2.99","Starter pack (limit 1 per player)","1,000 Throne Shards at a one-time welcome price.","Starter","Throne Shards","<GIVE_SHARDS_COMMAND player={username} amount=1000>","Safe","DEV SYSTEM REQUIRED","🛡️ STARTER SHARD POUCH · STARTER

1,000 Throne Shards at a one-time welcome price.

One per player. Welcome to the hunt.

Delivered automatically in-game. Questions? Join our Discord.","IMAGE-PROMPTS.md → START-009","Enable Tebex gifting"
"START-010","Starter","Initiate's Emote Pack","3.99","Starter pack (limit 1 per player)","Kneel Before the Throne and Blade Salute emotes.","Starter","Cosmetics system","<GRANT_COSMETIC_COMMAND player={username} id=emote_kneel> + <GRANT_COSMETIC_COMMAND player={username} id=emote_blade_salute>","Safe","DEV SYSTEM REQUIRED","🛡️ INITIATE'S EMOTE PACK · STARTER

Kneel Before the Throne and Blade Salute emotes.

One per player. Welcome to the hunt.

Delivered automatically in-game. Questions? Join our Discord.","IMAGE-PROMPTS.md → START-010","Enable Tebex gifting"
"EVENT-001","Seasonal","Bloodmoon Festival Bundle","29.99","Event: Bloodmoon","Event-exclusive Bloodmoon Reaper title, 10 Bloodmoon Keys and the Bloodmoon Eclipse kill effect.","Event","Crate system, Cosmetics system, event toggles","<GRANT_COSMETIC_COMMAND player={username} id=title_bloodmoon_reaper> + <GIVE_CRATE_KEY_COMMAND player={username} crate=bloodmoon amount=10> + <GRANT_COSMETIC_COMMAND player={username} id=kill_bloodmoon_eclipse>","Safe","DEV SYSTEM REQUIRED · keep DISABLED until the event","🌑 BLOODMOON FESTIVAL BUNDLE · BLOODMOON EVENT

Event-exclusive Bloodmoon Reaper title, 10 Bloodmoon Keys and the Bloodmoon Eclipse kill effect.

Available during the event only.

Delivered automatically in-game. Questions? Join our Discord.","IMAGE-PROMPTS.md → EVENT-001","Enable Tebex gifting"
"EVENT-002","Seasonal","Bloodmoon Event Key ×5","14.99","Event: Bloodmoon","5 Bloodmoon Event Keys for the limited Bloodmoon Event Crate (event cosmetics only).","Event","Crate system, event toggles","<GIVE_CRATE_KEY_COMMAND player={username} crate=bloodmoon_event amount=5>","Safe","DEV SYSTEM REQUIRED · keep DISABLED until the event","🌑 BLOODMOON EVENT KEY ×5 · BLOODMOON EVENT

5 Bloodmoon Event Keys for the limited Bloodmoon Event Crate (event cosmetics only).

Available during the event only.

Delivered automatically in-game. Questions? Join our Discord.","IMAGE-PROMPTS.md → EVENT-002","Enable Tebex gifting"
"EVENT-003","Seasonal","Hallowed Gate Bundle","24.99","Event: Halloween","Event-exclusive Hollow Lantern pet, Hallowed title and 5 Abyssal Keys.","Event","Crate system, Cosmetics system, event toggles","<GRANT_COSMETIC_COMMAND player={username} id=pet_hollow_lantern> + <GRANT_COSMETIC_COMMAND player={username} id=title_hallowed> + <GIVE_CRATE_KEY_COMMAND player={username} crate=abyssal amount=5>","Safe","DEV SYSTEM REQUIRED · keep DISABLED until the event","🌑 HALLOWED GATE BUNDLE · HALLOWEEN EVENT

Event-exclusive Hollow Lantern pet, Hallowed title and 5 Abyssal Keys.

Available during the event only.

Delivered automatically in-game. Questions? Join our Discord.","IMAGE-PROMPTS.md → EVENT-003","Enable Tebex gifting"
"EVENT-004","Seasonal","Frostbound Throne Bundle","24.99","Event: Winter","Event-exclusive Frostbound aura, Winter's Crown title and 5 Regalia Keys.","Event","Crate system, Cosmetics system, event toggles","<GRANT_COSMETIC_COMMAND player={username} id=aura_frostbound> + <GRANT_COSMETIC_COMMAND player={username} id=title_winters_crown> + <GIVE_CRATE_KEY_COMMAND player={username} crate=regalia amount=5>","Safe","DEV SYSTEM REQUIRED · keep DISABLED until the event","🌑 FROSTBOUND THRONE BUNDLE · WINTER EVENT

Event-exclusive Frostbound aura, Winter's Crown title and 5 Regalia Keys.

Available during the event only.

Delivered automatically in-game. Questions? Join our Discord.","IMAGE-PROMPTS.md → EVENT-004","Enable Tebex gifting"
"EVENT-005","Seasonal","First Throne Anniversary Pack","19.99","Event: Anniversary","Anniversary title, Anniversary Sigil tag and 5,000 Throne Shards.","Event","Throne Shards, Cosmetics system, event toggles","<GRANT_COSMETIC_COMMAND player={username} id=title_anniversary> + <GRANT_COSMETIC_COMMAND player={username} id=tag_anniversary> + <GIVE_SHARDS_COMMAND player={username} amount=5000>","Safe","DEV SYSTEM REQUIRED · keep DISABLED until the event","🌑 FIRST THRONE ANNIVERSARY PACK · ANNIVERSARY EVENT

Anniversary title, Anniversary Sigil tag and 5,000 Throne Shards.

Available during the event only.

Delivered automatically in-game. Questions? Join our Discord.","IMAGE-PROMPTS.md → EVENT-005","Enable Tebex gifting"
"EVENT-006","Seasonal","Founder's Pack","29.99","Event: Server Launch","Launch-only Founder title, Founder chat tag, 3 Throne Keys and 5,000 Throne Shards.","Event","Crate system, Throne Shards, Cosmetics system, event toggles","<GRANT_COSMETIC_COMMAND player={username} id=title_founder> + <GRANT_COSMETIC_COMMAND player={username} id=tag_founder> + <GIVE_CRATE_KEY_COMMAND player={username} crate=throne amount=3> + <GIVE_SHARDS_COMMAND player={username} amount=5000>","Safe","DEV SYSTEM REQUIRED · keep DISABLED until the event","🌑 FOUNDER'S PACK · SERVER LAUNCH EVENT

Launch-only Founder title, Founder chat tag, 3 Throne Keys and 5,000 Throne Shards.

Available during the event only.

Delivered automatically in-game. Questions? Join our Discord.","IMAGE-PROMPTS.md → EVENT-006","Enable Tebex gifting"
"EVENT-007","Seasonal","New Era Pack","19.99","Event: Season Reset","Season-numbered title, 5 Dreadforge Keys and 2,500 Throne Shards to start the new season in style.","Event","Crate system, Throne Shards, Cosmetics system, event toggles","<GRANT_COSMETIC_COMMAND player={username} id=title_season_n> + <GIVE_CRATE_KEY_COMMAND player={username} crate=dreadforge amount=5> + <GIVE_SHARDS_COMMAND player={username} amount=2500>","Safe","DEV SYSTEM REQUIRED · keep DISABLED until the event","🌑 NEW ERA PACK · SEASON RESET EVENT

Season-numbered title, 5 Dreadforge Keys and 2,500 Throne Shards to start the new season in style.

Available during the event only.

Delivered automatically in-game. Questions? Join our Discord.","IMAGE-PROMPTS.md → EVENT-007","Enable Tebex gifting"
"EVENT-008","Seasonal","Gate Outbreak Bundle","24.99","Event: Special Event","For server-wide Gate Outbreak events: Outbreak title, 5 Abyssal Keys and the Blood Rift teleport effect.","Event","Crate system, Cosmetics system, event toggles","<GRANT_COSMETIC_COMMAND player={username} id=title_outbreak> + <GIVE_CRATE_KEY_COMMAND player={username} crate=abyssal amount=5> + <GRANT_COSMETIC_COMMAND player={username} id=tp_blood_rift>","Safe","DEV SYSTEM REQUIRED · keep DISABLED until the event","🌑 GATE OUTBREAK BUNDLE · SPECIAL EVENT EVENT

For server-wide Gate Outbreak events: Outbreak title, 5 Abyssal Keys and the Blood Rift teleport effect.

Available during the event only.

Delivered automatically in-game. Questions? Join our Discord.","IMAGE-PROMPTS.md → EVENT-008","Enable Tebex gifting"
"EVENT-009","Seasonal","Lunar Eclipse Global Boost","24.99","Event: Special Event","A 6-hour Global Gate Boost for everyone online during eclipse events.","Event","Global boosters, event toggles","<START_GLOBAL_BOOST_COMMAND type=gate minutes=360 buyer={username}>","Safe","DEV SYSTEM REQUIRED · keep DISABLED until the event","🌑 LUNAR ECLIPSE GLOBAL BOOST · SPECIAL EVENT EVENT

A 6-hour Global Gate Boost for everyone online during eclipse events.

Available during the event only.

Delivered automatically in-game. Questions? Join our Discord.","IMAGE-PROMPTS.md → EVENT-009","Enable Tebex gifting"
"EVENT-010","Seasonal","Festival of Crowns","34.99","Event: Special Event","Crown-themed event cosmetics: Festival Crown aura and 3 Regalia Keys.","Event","Crate system, Cosmetics system, event toggles","<GRANT_COSMETIC_COMMAND player={username} id=aura_festival_crown> + <GIVE_CRATE_KEY_COMMAND player={username} crate=regalia amount=3>","Safe","DEV SYSTEM REQUIRED · keep DISABLED until the event","🌑 FESTIVAL OF CROWNS · SPECIAL EVENT EVENT

Crown-themed event cosmetics: Festival Crown aura and 3 Regalia Keys.

Available during the event only.

Delivered automatically in-game. Questions? Join our Discord.","IMAGE-PROMPTS.md → EVENT-010","Enable Tebex gifting"
"GIFT-001","Gifts","Gift Rank: Supporter","9.99","Gift (recipient username variable)","Gift the Supporter rank to a friend. Enter their Minecraft username at checkout.","Gift","Ranks, gift delivery","<SET_RANK_COMMAND player={recipient} rank=supporter>","Borderline (rank)","DEV SYSTEM REQUIRED","🎁 GIFT RANK: SUPPORTER

Gift the Supporter rank to a friend. Enter their Minecraft username at checkout.

Enter your friend's Minecraft username at checkout. They receive it in-game.

Delivered automatically in-game. Questions? Join our Discord.","IMAGE-PROMPTS.md → GIFT-001","Is a gift package"
"GIFT-002","Gifts","Gift Key Bundle","24.99","Gift (recipient username variable)","Gift 5 Bloodmoon Keys and 5 Abyssal Keys.","Gift","Crate system, gift delivery","<GIVE_CRATE_KEY_COMMAND player={recipient} crate=bloodmoon amount=5> + <GIVE_CRATE_KEY_COMMAND player={recipient} crate=abyssal amount=5>","Safe","DEV SYSTEM REQUIRED","🎁 GIFT KEY BUNDLE

Gift 5 Bloodmoon Keys and 5 Abyssal Keys.

Enter your friend's Minecraft username at checkout. They receive it in-game.

Delivered automatically in-game. Questions? Join our Discord.","IMAGE-PROMPTS.md → GIFT-002","Is a gift package"
"GIFT-003","Gifts","Gift Shard Bundle","22.99","Gift (recipient username variable)","Gift 5,000 Throne Shards (+10% bonus).","Gift","Throne Shards, gift delivery","<GIVE_SHARDS_COMMAND player={recipient} amount=5500>","Safe","DEV SYSTEM REQUIRED","🎁 GIFT SHARD BUNDLE

Gift 5,000 Throne Shards (+10% bonus).

Enter your friend's Minecraft username at checkout. They receive it in-game.

Delivered automatically in-game. Questions? Join our Discord.","IMAGE-PROMPTS.md → GIFT-003","Is a gift package"
"GIFT-004","Gifts","Gift Cosmetic Bundle","19.99","Gift (recipient username variable)","Gift Crimson Halo, Bloodstep trail and the Blood Rift teleport effect.","Gift","Cosmetics system, gift delivery","<GRANT_COSMETIC_COMMAND player={recipient} id=aura_crimson_halo> + <GRANT_COSMETIC_COMMAND player={recipient} id=trail_bloodstep> + <GRANT_COSMETIC_COMMAND player={recipient} id=tp_blood_rift>","Safe","DEV SYSTEM REQUIRED","🎁 GIFT COSMETIC BUNDLE

Gift Crimson Halo, Bloodstep trail and the Blood Rift teleport effect.

Enter your friend's Minecraft username at checkout. They receive it in-game.

Delivered automatically in-game. Questions? Join our Discord.","IMAGE-PROMPTS.md → GIFT-004","Is a gift package"
"GIFT-005","Gifts","Gift Starter Bundle","9.99","Gift (recipient username variable)","Gift the First Blood and Hunter's Key Ring starter packs.","Gift","Crate system, Throne Shards, Cosmetics system, gift delivery","<GRANT_COSMETIC_COMMAND player={recipient} id=title_crimson_hunter> + <GIVE_CRATE_KEY_COMMAND player={recipient} crate=ember amount=2> + <GIVE_CRATE_KEY_COMMAND player={recipient} crate=bloodmoon amount=1> + <GIVE_CRATE_KEY_COMMAND player={recipient} crate=abyssal amount=1> + <GIVE_SHARDS_COMMAND player={recipient} amount=500>","Safe","DEV SYSTEM REQUIRED","🎁 GIFT STARTER BUNDLE

Gift the First Blood and Hunter's Key Ring starter packs.

Enter your friend's Minecraft username at checkout. They receive it in-game.

Delivered automatically in-game. Questions? Join our Discord.","IMAGE-PROMPTS.md → GIFT-005","Is a gift package"
"GIFT-006","Gifts","Gift Rank: Elite","24.99","Gift (recipient username variable)","Gift the Elite rank to a friend.","Gift","Ranks, gift delivery","<SET_RANK_COMMAND player={recipient} rank=elite>","Borderline (rank)","DEV SYSTEM REQUIRED","🎁 GIFT RANK: ELITE

Gift the Elite rank to a friend.

Enter your friend's Minecraft username at checkout. They receive it in-game.

Delivered automatically in-game. Questions? Join our Discord.","IMAGE-PROMPTS.md → GIFT-006","Is a gift package"
"GIFT-007","Gifts","Gift Rank: Champion","49.99","Gift (recipient username variable)","Gift the Champion rank to a friend.","Gift","Ranks, gift delivery","<SET_RANK_COMMAND player={recipient} rank=champion>","Borderline (rank)","DEV SYSTEM REQUIRED","🎁 GIFT RANK: CHAMPION

Gift the Champion rank to a friend.

Enter your friend's Minecraft username at checkout. They receive it in-game.

Delivered automatically in-game. Questions? Join our Discord.","IMAGE-PROMPTS.md → GIFT-007","Is a gift package"
"GIFT-008","Gifts","Gift Rank: Warlord","89.99","Gift (recipient username variable)","Gift the Warlord rank to a friend.","Gift","Ranks, gift delivery","<SET_RANK_COMMAND player={recipient} rank=warlord>","Borderline (rank)","DEV SYSTEM REQUIRED","🎁 GIFT RANK: WARLORD

Gift the Warlord rank to a friend.

Enter your friend's Minecraft username at checkout. They receive it in-game.

Delivered automatically in-game. Questions? Join our Discord.","IMAGE-PROMPTS.md → GIFT-008","Is a gift package"
"GIFT-009","Gifts","Gift Rank: Overlord","149.99","Gift (recipient username variable)","Gift the Overlord rank to a friend.","Gift","Ranks, gift delivery","<SET_RANK_COMMAND player={recipient} rank=overlord>","Borderline (rank)","DEV SYSTEM REQUIRED","🎁 GIFT RANK: OVERLORD

Gift the Overlord rank to a friend.

Enter your friend's Minecraft username at checkout. They receive it in-game.

Delivered automatically in-game. Questions? Join our Discord.","IMAGE-PROMPTS.md → GIFT-009","Is a gift package"
"UTIL-001","Utility","Nickname Token (30 days)","3.99","Utility token","Use /nick for 30 days (staff-moderated).","Utility","Tokens/permissions","<GRANT_TEMP_PERMISSION_COMMAND player={username} permission=nick duration=30d>","Safe","DEV SYSTEM REQUIRED","⚙️ NICKNAME TOKEN (30 DAYS)

Use /nick for 30 days (staff-moderated).

No gameplay effect.

Delivered automatically in-game. Questions? Join our Discord.","IMAGE-PROMPTS.md → UTIL-001","Enable Tebex gifting"
"UTIL-002","Utility","Name Colour Token","2.99","Utility token","Change your name colour once from the approved palette.","Utility","Tokens/permissions","<GIVE_TOKEN_COMMAND player={username} token=name_colour amount=1>","Safe","DEV SYSTEM REQUIRED","⚙️ NAME COLOUR TOKEN

Change your name colour once from the approved palette.

No gameplay effect.

Delivered automatically in-game. Questions? Join our Discord.","IMAGE-PROMPTS.md → UTIL-002","Enable Tebex gifting"
"UTIL-003","Utility","Prefix Recolour Token","3.99","Utility token","Recolour your rank prefix once (rank holders only).","Utility","Tokens/permissions","<GIVE_TOKEN_COMMAND player={username} token=prefix_colour amount=1>","Safe","DEV SYSTEM REQUIRED","⚙️ PREFIX RECOLOUR TOKEN

Recolour your rank prefix once (rank holders only).

No gameplay effect.

Delivered automatically in-game. Questions? Join our Discord.","IMAGE-PROMPTS.md → UTIL-003","Enable Tebex gifting"
"UTIL-004","Utility","Queue Priority Pass (30 days)","4.99","Utility token","Priority login when the server is full, for 30 days. No gameplay effect.","Utility","Tokens/permissions","<GRANT_TEMP_PERMISSION_COMMAND player={username} permission=queue_priority duration=30d>","Safe","DEV SYSTEM REQUIRED","⚙️ QUEUE PRIORITY PASS (30 DAYS)

Priority login when the server is full, for 30 days. No gameplay effect.

No gameplay effect.

Delivered automatically in-game. Questions? Join our Discord.","IMAGE-PROMPTS.md → UTIL-004","Enable Tebex gifting"
"UTIL-005","Utility","Guild Banner Design Slot","6.99","Utility token","Unlock one extra cosmetic banner design for your guild.","Utility","Tokens/permissions","<GIVE_TOKEN_COMMAND player={username} token=guild_banner_slot amount=1>","Safe","DEV SYSTEM REQUIRED","⚙️ GUILD BANNER DESIGN SLOT

Unlock one extra cosmetic banner design for your guild.

No gameplay effect.

Delivered automatically in-game. Questions? Join our Discord.","IMAGE-PROMPTS.md → UTIL-005","Enable Tebex gifting"
"UTIL-006","Utility","Wardrobe Expansion","4.99","Utility token","+3 cosmetic wardrobe presets to switch outfits instantly.","Utility","Tokens/permissions","<GIVE_TOKEN_COMMAND player={username} token=wardrobe_slot amount=3>","Safe","DEV SYSTEM REQUIRED","⚙️ WARDROBE EXPANSION

+3 cosmetic wardrobe presets to switch outfits instantly.

No gameplay effect.

Delivered automatically in-game. Questions? Join our Discord.","IMAGE-PROMPTS.md → UTIL-006","Enable Tebex gifting"
"UTIL-007","Utility","Chat Emoji Pack: Dark Court","2.99","Utility token","Unlock 12 OVERTHRONE chat emojis.","Utility","Cosmetics system","<GRANT_COSMETIC_COMMAND player={username} id=emoji_pack_dark_court>","Safe","DEV SYSTEM REQUIRED","⚙️ CHAT EMOJI PACK: DARK COURT

Unlock 12 OVERTHRONE chat emojis.

No gameplay effect.

Delivered automatically in-game. Questions? Join our Discord.","IMAGE-PROMPTS.md → UTIL-007","Enable Tebex gifting"